filename,result,frame,conf
crop_0000_f00001_c0.55_clip_20-23min.jpg,,00001,0.55
crop_0001_f00002_c0.50_clip_20-23min.jpg,,00002,0.50
crop_0002_f00008_c0.39_clip_20-23min.jpg,,00008,0.39
crop_0003_f00009_c0.37_clip_20-23min.jpg,,00009,0.37
crop_0004_f00013_c0.40_clip_20-23min.jpg,,00013,0.40
crop_0005_f00015_c0.49_clip_20-23min.jpg,,00015,0.49
crop_0006_f00016_c0.56_clip_20-23min.jpg,,00016,0.56
crop_0007_f00017_c0.60_clip_20-23min.jpg,,00017,0.60
crop_0008_f00018_c0.59_clip_20-23min.jpg,,00018,0.59
crop_0009_f00019_c0.57_clip_20-23min.jpg,,00019,0.57
crop_0010_f00020_c0.52_clip_20-23min.jpg,,00020,0.52
crop_0011_f00021_c0.45_clip_20-23min.jpg,,00021,0.45
crop_0012_f00022_c0.38_clip_20-23min.jpg,,00022,0.38
crop_0013_f00025_c0.38_clip_20-23min.jpg,,00025,0.38
crop_0014_f00027_c0.39_clip_20-23min.jpg,,00027,0.39
crop_0015_f00028_c0.40_clip_20-23min.jpg,,00028,0.40
crop_0016_f00029_c0.41_clip_20-23min.jpg,,00029,0.41
crop_0017_f00030_c0.40_clip_20-23min.jpg,,00030,0.40
crop_0018_f00031_c0.43_clip_20-23min.jpg,,00031,0.43
crop_0019_f00032_c0.45_clip_20-23min.jpg,,00032,0.45
crop_0020_f00033_c0.48_clip_20-23min.jpg,,00033,0.48
crop_0021_f00034_c0.46_clip_20-23min.jpg,,00034,0.46
crop_0022_f00035_c0.45_clip_20-23min.jpg,,00035,0.45
crop_0023_f00036_c0.56_clip_20-23min.jpg,,00036,0.56
crop_0024_f00037_c0.61_clip_20-23min.jpg,,00037,0.61
crop_0025_f00038_c0.63_clip_20-23min.jpg,,00038,0.63
crop_0026_f00039_c0.61_clip_20-23min.jpg,,00039,0.61
crop_0027_f00040_c0.60_clip_20-23min.jpg,,00040,0.60
crop_0028_f00041_c0.61_clip_20-23min.jpg,,00041,0.61
crop_0029_f00042_c0.62_clip_20-23min.jpg,,00042,0.62
crop_0030_f00043_c0.62_clip_20-23min.jpg,,00043,0.62
crop_0031_f00044_c0.60_clip_20-23min.jpg,,00044,0.60
crop_0032_f00045_c0.59_clip_20-23min.jpg,,00045,0.59
crop_0033_f00046_c0.55_clip_20-23min.jpg,,00046,0.55
crop_0034_f00047_c0.52_clip_20-23min.jpg,,00047,0.52
crop_0035_f00048_c0.49_clip_20-23min.jpg,,00048,0.49
crop_0036_f00049_c0.50_clip_20-23min.jpg,,00049,0.50
crop_0037_f00050_c0.48_clip_20-23min.jpg,,00050,0.48
crop_0038_f00051_c0.45_clip_20-23min.jpg,,00051,0.45
crop_0039_f00052_c0.44_clip_20-23min.jpg,,00052,0.44
crop_0040_f00053_c0.48_clip_20-23min.jpg,,00053,0.48
crop_0041_f00054_c0.48_clip_20-23min.jpg,,00054,0.48
crop_0042_f00055_c0.46_clip_20-23min.jpg,,00055,0.46
crop_0043_f00056_c0.44_clip_20-23min.jpg,,00056,0.44
crop_0044_f00057_c0.39_clip_20-23min.jpg,,00057,0.39
crop_0045_f00058_c0.41_clip_20-23min.jpg,,00058,0.41
crop_0046_f00059_c0.46_clip_20-23min.jpg,,00059,0.46
crop_0047_f00060_c0.43_clip_20-23min.jpg,,00060,0.43
crop_0048_f00069_c0.41_clip_20-23min.jpg,,00069,0.41
crop_0049_f00070_c0.44_clip_20-23min.jpg,,00070,0.44
crop_0050_f00071_c0.50_clip_20-23min.jpg,,00071,0.50
crop_0051_f00072_c0.46_clip_20-23min.jpg,,00072,0.46
crop_0052_f00073_c0.53_clip_20-23min.jpg,,00073,0.53
crop_0053_f00074_c0.50_clip_20-23min.jpg,,00074,0.50
crop_0054_f00075_c0.52_clip_20-23min.jpg,,00075,0.52
crop_0055_f00076_c0.54_clip_20-23min.jpg,,00076,0.54
crop_0056_f00077_c0.54_clip_20-23min.jpg,,00077,0.54
crop_0057_f00078_c0.55_clip_20-23min.jpg,,00078,0.55
crop_0058_f00079_c0.56_clip_20-23min.jpg,,00079,0.56
crop_0059_f00080_c0.55_clip_20-23min.jpg,,00080,0.55
crop_0060_f00081_c0.56_clip_20-23min.jpg,,00081,0.56
crop_0061_f00082_c0.47_clip_20-23min.jpg,,00082,0.47
crop_0062_f00083_c0.47_clip_20-23min.jpg,,00083,0.47
crop_0063_f00084_c0.40_clip_20-23min.jpg,,00084,0.40
crop_0064_f00085_c0.38_clip_20-23min.jpg,,00085,0.38
crop_0065_f00086_c0.37_clip_20-23min.jpg,,00086,0.37
crop_0066_f00087_c0.38_clip_20-23min.jpg,,00087,0.38
crop_0067_f00088_c0.40_clip_20-23min.jpg,,00088,0.40
crop_0068_f00089_c0.39_clip_20-23min.jpg,,00089,0.39
crop_0069_f00104_c0.36_clip_20-23min.jpg,,00104,0.36
crop_0070_f00105_c0.45_clip_20-23min.jpg,,00105,0.45
crop_0071_f00106_c0.49_clip_20-23min.jpg,,00106,0.49
crop_0072_f00107_c0.51_clip_20-23min.jpg,,00107,0.51
crop_0073_f00108_c0.50_clip_20-23min.jpg,,00108,0.50
crop_0074_f00109_c0.51_clip_20-23min.jpg,,00109,0.51
crop_0075_f00110_c0.55_clip_20-23min.jpg,,00110,0.55
crop_0076_f00111_c0.59_clip_20-23min.jpg,,00111,0.59
crop_0077_f00112_c0.59_clip_20-23min.jpg,,00112,0.59
crop_0078_f00113_c0.58_clip_20-23min.jpg,,00113,0.58
crop_0079_f00114_c0.46_clip_20-23min.jpg,,00114,0.46
crop_0080_f00115_c0.46_clip_20-23min.jpg,,00115,0.46
crop_0081_f00116_c0.56_clip_20-23min.jpg,,00116,0.56
crop_0082_f00117_c0.59_clip_20-23min.jpg,,00117,0.59
crop_0083_f00118_c0.61_clip_20-23min.jpg,,00118,0.61
crop_0084_f00119_c0.62_clip_20-23min.jpg,,00119,0.62
crop_0085_f00120_c0.61_clip_20-23min.jpg,,00120,0.61
crop_0086_f00121_c0.59_clip_20-23min.jpg,,00121,0.59
crop_0087_f00122_c0.58_clip_20-23min.jpg,,00122,0.58
crop_0088_f00123_c0.58_clip_20-23min.jpg,,00123,0.58
crop_0089_f00124_c0.56_clip_20-23min.jpg,,00124,0.56
crop_0090_f00125_c0.57_clip_20-23min.jpg,,00125,0.57
crop_0091_f00126_c0.59_clip_20-23min.jpg,,00126,0.59
crop_0092_f00127_c0.57_clip_20-23min.jpg,,00127,0.57
crop_0093_f00128_c0.54_clip_20-23min.jpg,,00128,0.54
crop_0094_f00129_c0.55_clip_20-23min.jpg,,00129,0.55
crop_0095_f00130_c0.57_clip_20-23min.jpg,,00130,0.57
crop_0096_f00131_c0.57_clip_20-23min.jpg,,00131,0.57
crop_0097_f00132_c0.57_clip_20-23min.jpg,,00132,0.57
crop_0098_f00133_c0.56_clip_20-23min.jpg,,00133,0.56
crop_0099_f00134_c0.58_clip_20-23min.jpg,,00134,0.58
crop_0100_f00135_c0.57_clip_20-23min.jpg,,00135,0.57
crop_0101_f00136_c0.57_clip_20-23min.jpg,,00136,0.57
crop_0102_f00137_c0.59_clip_20-23min.jpg,,00137,0.59
crop_0103_f00138_c0.57_clip_20-23min.jpg,,00138,0.57
crop_0104_f00139_c0.57_clip_20-23min.jpg,,00139,0.57
crop_0105_f00140_c0.59_clip_20-23min.jpg,,00140,0.59
crop_0106_f00141_c0.58_clip_20-23min.jpg,,00141,0.58
crop_0107_f00142_c0.59_clip_20-23min.jpg,,00142,0.59
crop_0108_f00143_c0.57_clip_20-23min.jpg,,00143,0.57
crop_0109_f00144_c0.57_clip_20-23min.jpg,,00144,0.57
crop_0110_f00145_c0.56_clip_20-23min.jpg,,00145,0.56
crop_0111_f00146_c0.55_clip_20-23min.jpg,,00146,0.55
crop_0112_f00147_c0.55_clip_20-23min.jpg,,00147,0.55
crop_0113_f00148_c0.55_clip_20-23min.jpg,,00148,0.55
crop_0114_f00149_c0.55_clip_20-23min.jpg,,00149,0.55
crop_0115_f00150_c0.57_clip_20-23min.jpg,,00150,0.57
crop_0116_f00151_c0.55_clip_20-23min.jpg,,00151,0.55
crop_0117_f00152_c0.53_clip_20-23min.jpg,,00152,0.53
crop_0118_f00153_c0.54_clip_20-23min.jpg,,00153,0.54
crop_0119_f00154_c0.54_clip_20-23min.jpg,,00154,0.54
crop_0120_f00155_c0.54_clip_20-23min.jpg,,00155,0.54
crop_0121_f00156_c0.54_clip_20-23min.jpg,,00156,0.54
crop_0122_f00157_c0.53_clip_20-23min.jpg,,00157,0.53
crop_0123_f00158_c0.52_clip_20-23min.jpg,,00158,0.52
crop_0124_f00159_c0.52_clip_20-23min.jpg,,00159,0.52
crop_0125_f00160_c0.52_clip_20-23min.jpg,,00160,0.52
crop_0126_f00161_c0.53_clip_20-23min.jpg,,00161,0.53
crop_0127_f00162_c0.53_clip_20-23min.jpg,,00162,0.53
crop_0128_f00163_c0.54_clip_20-23min.jpg,,00163,0.54
crop_0129_f00164_c0.56_clip_20-23min.jpg,,00164,0.56
crop_0130_f00165_c0.55_clip_20-23min.jpg,,00165,0.55
crop_0131_f00166_c0.56_clip_20-23min.jpg,,00166,0.56
crop_0132_f00167_c0.57_clip_20-23min.jpg,,00167,0.57
crop_0133_f00168_c0.58_clip_20-23min.jpg,,00168,0.58
crop_0134_f00169_c0.58_clip_20-23min.jpg,,00169,0.58
crop_0135_f00170_c0.59_clip_20-23min.jpg,,00170,0.59
crop_0136_f00171_c0.58_clip_20-23min.jpg,,00171,0.58
crop_0137_f00172_c0.58_clip_20-23min.jpg,,00172,0.58
crop_0138_f00173_c0.58_clip_20-23min.jpg,,00173,0.58
crop_0139_f00174_c0.59_clip_20-23min.jpg,,00174,0.59
crop_0140_f00175_c0.59_clip_20-23min.jpg,,00175,0.59
crop_0141_f00176_c0.60_clip_20-23min.jpg,,00176,0.60
crop_0142_f00177_c0.60_clip_20-23min.jpg,,00177,0.60
crop_0143_f00178_c0.60_clip_20-23min.jpg,,00178,0.60
crop_0144_f00179_c0.59_clip_20-23min.jpg,,00179,0.59
crop_0145_f00180_c0.60_clip_20-23min.jpg,,00180,0.60
crop_0146_f00181_c0.63_clip_20-23min.jpg,,00181,0.63
crop_0147_f00182_c0.65_clip_20-23min.jpg,,00182,0.65
crop_0148_f00183_c0.65_clip_20-23min.jpg,,00183,0.65
crop_0149_f00184_c0.64_clip_20-23min.jpg,,00184,0.64
crop_0150_f00185_c0.64_clip_20-23min.jpg,,00185,0.64
crop_0151_f00186_c0.64_clip_20-23min.jpg,,00186,0.64
crop_0152_f00187_c0.63_clip_20-23min.jpg,,00187,0.63
crop_0153_f00188_c0.63_clip_20-23min.jpg,,00188,0.63
crop_0154_f00189_c0.63_clip_20-23min.jpg,,00189,0.63
crop_0155_f00190_c0.63_clip_20-23min.jpg,,00190,0.63
crop_0156_f00191_c0.62_clip_20-23min.jpg,,00191,0.62
crop_0157_f00192_c0.62_clip_20-23min.jpg,,00192,0.62
crop_0158_f00193_c0.60_clip_20-23min.jpg,,00193,0.60
crop_0159_f00194_c0.60_clip_20-23min.jpg,,00194,0.60
crop_0160_f00195_c0.61_clip_20-23min.jpg,,00195,0.61
crop_0161_f00196_c0.60_clip_20-23min.jpg,,00196,0.60
crop_0162_f00197_c0.61_clip_20-23min.jpg,,00197,0.61
crop_0163_f00198_c0.62_clip_20-23min.jpg,,00198,0.62
crop_0164_f00199_c0.62_clip_20-23min.jpg,,00199,0.62
crop_0165_f00200_c0.61_clip_20-23min.jpg,,00200,0.61
crop_0166_f00201_c0.60_clip_20-23min.jpg,,00201,0.60
crop_0167_f00202_c0.60_clip_20-23min.jpg,,00202,0.60
crop_0168_f00203_c0.59_clip_20-23min.jpg,,00203,0.59
crop_0169_f00204_c0.58_clip_20-23min.jpg,,00204,0.58
crop_0170_f00205_c0.58_clip_20-23min.jpg,,00205,0.58
crop_0171_f00206_c0.58_clip_20-23min.jpg,,00206,0.58
crop_0172_f00207_c0.58_clip_20-23min.jpg,,00207,0.58
crop_0173_f00208_c0.58_clip_20-23min.jpg,,00208,0.58
crop_0174_f00209_c0.58_clip_20-23min.jpg,,00209,0.58
crop_0175_f00210_c0.58_clip_20-23min.jpg,,00210,0.58
crop_0176_f00211_c0.58_clip_20-23min.jpg,,00211,0.58
crop_0177_f00212_c0.58_clip_20-23min.jpg,,00212,0.58
crop_0178_f00213_c0.58_clip_20-23min.jpg,,00213,0.58
crop_0179_f00214_c0.58_clip_20-23min.jpg,,00214,0.58
crop_0180_f00215_c0.57_clip_20-23min.jpg,,00215,0.57
crop_0181_f00216_c0.56_clip_20-23min.jpg,,00216,0.56
crop_0182_f00217_c0.57_clip_20-23min.jpg,,00217,0.57
crop_0183_f00218_c0.56_clip_20-23min.jpg,,00218,0.56
crop_0184_f00219_c0.55_clip_20-23min.jpg,,00219,0.55
crop_0185_f00220_c0.56_clip_20-23min.jpg,,00220,0.56
crop_0186_f00221_c0.55_clip_20-23min.jpg,,00221,0.55
crop_0187_f00222_c0.54_clip_20-23min.jpg,,00222,0.54
crop_0188_f00223_c0.51_clip_20-23min.jpg,,00223,0.51
crop_0189_f00224_c0.45_clip_20-23min.jpg,,00224,0.45
crop_0190_f00226_c0.52_clip_20-23min.jpg,,00226,0.52
crop_0191_f00227_c0.60_clip_20-23min.jpg,,00227,0.60
crop_0192_f00228_c0.58_clip_20-23min.jpg,,00228,0.58
crop_0193_f00229_c0.63_clip_20-23min.jpg,,00229,0.63
crop_0194_f00230_c0.59_clip_20-23min.jpg,,00230,0.59
crop_0195_f00232_c0.50_clip_20-23min.jpg,,00232,0.50
crop_0196_f00233_c0.53_clip_20-23min.jpg,,00233,0.53
crop_0197_f00234_c0.60_clip_20-23min.jpg,,00234,0.60
crop_0198_f00235_c0.50_clip_20-23min.jpg,,00235,0.50
crop_0199_f00236_c0.49_clip_20-23min.jpg,,00236,0.49
crop_0200_f00237_c0.56_clip_20-23min.jpg,,00237,0.56
crop_0201_f00238_c0.43_clip_20-23min.jpg,,00238,0.43
crop_0202_f00239_c0.53_clip_20-23min.jpg,,00239,0.53
crop_0203_f00241_c0.36_clip_20-23min.jpg,,00241,0.36
crop_0204_f00242_c0.58_clip_20-23min.jpg,,00242,0.58
crop_0205_f00243_c0.59_clip_20-23min.jpg,,00243,0.59
crop_0206_f00244_c0.51_clip_20-23min.jpg,,00244,0.51
crop_0207_f00245_c0.45_clip_20-23min.jpg,,00245,0.45
crop_0208_f00246_c0.37_clip_20-23min.jpg,,00246,0.37
crop_0209_f00247_c0.39_clip_20-23min.jpg,,00247,0.39
crop_0210_f00249_c0.36_clip_20-23min.jpg,,00249,0.36
crop_0211_f00250_c0.43_clip_20-23min.jpg,,00250,0.43
crop_0212_f00251_c0.45_clip_20-23min.jpg,,00251,0.45
crop_0213_f00252_c0.44_clip_20-23min.jpg,,00252,0.44
crop_0214_f00253_c0.37_clip_20-23min.jpg,,00253,0.37
crop_0215_f00254_c0.35_clip_20-23min.jpg,,00254,0.35
crop_0216_f00255_c0.39_clip_20-23min.jpg,,00255,0.39
crop_0217_f00256_c0.36_clip_20-23min.jpg,,00256,0.36
crop_0218_f00265_c0.46_clip_20-23min.jpg,,00265,0.46
crop_0219_f00265_c0.37_clip_20-23min.jpg,,00265,0.37
crop_0220_f00266_c0.54_clip_20-23min.jpg,,00266,0.54
crop_0221_f00266_c0.43_clip_20-23min.jpg,,00266,0.43
crop_0222_f00267_c0.50_clip_20-23min.jpg,,00267,0.50
crop_0223_f00267_c0.40_clip_20-23min.jpg,,00267,0.40
crop_0224_f00268_c0.45_clip_20-23min.jpg,,00268,0.45
crop_0225_f00269_c0.37_clip_20-23min.jpg,,00269,0.37
crop_0226_f00274_c0.39_clip_20-23min.jpg,,00274,0.39
crop_0227_f00275_c0.46_clip_20-23min.jpg,,00275,0.46
crop_0228_f00276_c0.44_clip_20-23min.jpg,,00276,0.44
crop_0229_f00277_c0.42_clip_20-23min.jpg,,00277,0.42
crop_0230_f00278_c0.40_clip_20-23min.jpg,,00278,0.40
crop_0231_f00279_c0.40_clip_20-23min.jpg,,00279,0.40
crop_0232_f00280_c0.35_clip_20-23min.jpg,,00280,0.35
crop_0233_f00282_c0.37_clip_20-23min.jpg,,00282,0.37
crop_0234_f00283_c0.38_clip_20-23min.jpg,,00283,0.38
crop_0235_f00285_c0.40_clip_20-23min.jpg,,00285,0.40
crop_0236_f00286_c0.42_clip_20-23min.jpg,,00286,0.42
crop_0237_f00287_c0.38_clip_20-23min.jpg,,00287,0.38
crop_0238_f00295_c0.57_clip_20-23min.jpg,,00295,0.57
crop_0239_f00296_c0.69_clip_20-23min.jpg,,00296,0.69
crop_0240_f00297_c0.55_clip_20-23min.jpg,,00297,0.55
crop_0241_f00298_c0.72_clip_20-23min.jpg,,00298,0.72
crop_0242_f00299_c0.73_clip_20-23min.jpg,,00299,0.73
crop_0243_f00300_c0.72_clip_20-23min.jpg,,00300,0.72
crop_0244_f00301_c0.68_clip_20-23min.jpg,,00301,0.68
crop_0245_f00302_c0.54_clip_20-23min.jpg,,00302,0.54
crop_0246_f00303_c0.55_clip_20-23min.jpg,,00303,0.55
crop_0247_f00304_c0.61_clip_20-23min.jpg,,00304,0.61
crop_0248_f00305_c0.55_clip_20-23min.jpg,,00305,0.55
crop_0249_f00306_c0.50_clip_20-23min.jpg,,00306,0.50
crop_0250_f00307_c0.40_clip_20-23min.jpg,,00307,0.40
crop_0251_f00308_c0.67_clip_20-23min.jpg,,00308,0.67
crop_0252_f00309_c0.67_clip_20-23min.jpg,,00309,0.67
crop_0253_f00310_c0.60_clip_20-23min.jpg,,00310,0.60
crop_0254_f00311_c0.63_clip_20-23min.jpg,,00311,0.63
crop_0255_f00312_c0.66_clip_20-23min.jpg,,00312,0.66
crop_0256_f00313_c0.66_clip_20-23min.jpg,,00313,0.66
crop_0257_f00314_c0.67_clip_20-23min.jpg,,00314,0.67
crop_0258_f00315_c0.67_clip_20-23min.jpg,,00315,0.67
crop_0259_f00316_c0.65_clip_20-23min.jpg,,00316,0.65
crop_0260_f00317_c0.68_clip_20-23min.jpg,,00317,0.68
crop_0261_f00318_c0.61_clip_20-23min.jpg,,00318,0.61
crop_0262_f00318_c0.41_clip_20-23min.jpg,,00318,0.41
crop_0263_f00319_c0.53_clip_20-23min.jpg,,00319,0.53
crop_0264_f00319_c0.37_clip_20-23min.jpg,,00319,0.37
crop_0265_f00320_c0.55_clip_20-23min.jpg,,00320,0.55
crop_0266_f00320_c0.43_clip_20-23min.jpg,,00320,0.43
crop_0267_f00321_c0.50_clip_20-23min.jpg,,00321,0.50
crop_0268_f00322_c0.58_clip_20-23min.jpg,,00322,0.58
crop_0269_f00323_c0.56_clip_20-23min.jpg,,00323,0.56
crop_0270_f00323_c0.39_clip_20-23min.jpg,,00323,0.39
crop_0271_f00324_c0.55_clip_20-23min.jpg,,00324,0.55
crop_0272_f00336_c0.42_clip_20-23min.jpg,,00336,0.42
crop_0273_f00337_c0.48_clip_20-23min.jpg,,00337,0.48
crop_0274_f00337_c0.42_clip_20-23min.jpg,,00337,0.42
crop_0275_f00338_c0.50_clip_20-23min.jpg,,00338,0.50
crop_0276_f00339_c0.48_clip_20-23min.jpg,,00339,0.48
crop_0277_f00340_c0.50_clip_20-23min.jpg,,00340,0.50
crop_0278_f00341_c0.44_clip_20-23min.jpg,,00341,0.44
crop_0279_f00349_c0.39_clip_20-23min.jpg,,00349,0.39
crop_0280_f00352_c0.36_clip_20-23min.jpg,,00352,0.36
crop_0281_f00373_c0.37_clip_20-23min.jpg,,00373,0.37
crop_0282_f00374_c0.40_clip_20-23min.jpg,,00374,0.40
crop_0283_f00375_c0.38_clip_20-23min.jpg,,00375,0.38
crop_0284_f00392_c0.50_clip_20-23min.jpg,,00392,0.50
crop_0285_f00392_c0.46_clip_20-23min.jpg,,00392,0.46
crop_0286_f00394_c0.36_clip_20-23min.jpg,,00394,0.36
crop_0287_f00403_c0.45_clip_20-23min.jpg,,00403,0.45
crop_0288_f00429_c0.36_clip_20-23min.jpg,,00429,0.36
crop_0289_f00430_c0.41_clip_20-23min.jpg,,00430,0.41
crop_0290_f00431_c0.44_clip_20-23min.jpg,,00431,0.44
crop_0291_f00432_c0.44_clip_20-23min.jpg,,00432,0.44
crop_0292_f00433_c0.44_clip_20-23min.jpg,,00433,0.44
crop_0293_f00433_c0.35_clip_20-23min.jpg,,00433,0.35
crop_0294_f00434_c0.43_clip_20-23min.jpg,,00434,0.43
crop_0295_f00434_c0.37_clip_20-23min.jpg,,00434,0.37
crop_0296_f00435_c0.41_clip_20-23min.jpg,,00435,0.41
crop_0297_f00435_c0.36_clip_20-23min.jpg,,00435,0.36
crop_0298_f00436_c0.41_clip_20-23min.jpg,,00436,0.41
crop_0299_f00436_c0.36_clip_20-23min.jpg,,00436,0.36
crop_0300_f00437_c0.43_clip_20-23min.jpg,,00437,0.43
crop_0301_f00437_c0.37_clip_20-23min.jpg,,00437,0.37
crop_0302_f00438_c0.44_clip_20-23min.jpg,,00438,0.44
crop_0303_f00438_c0.39_clip_20-23min.jpg,,00438,0.39
crop_0304_f00438_c0.39_clip_20-23min.jpg,,00438,0.39
crop_0305_f00439_c0.37_clip_20-23min.jpg,,00439,0.37
crop_0306_f00439_c0.37_clip_20-23min.jpg,,00439,0.37
crop_0307_f00440_c0.46_clip_20-23min.jpg,,00440,0.46
crop_0308_f00440_c0.38_clip_20-23min.jpg,,00440,0.38
crop_0309_f00441_c0.53_clip_20-23min.jpg,,00441,0.53
crop_0310_f00441_c0.40_clip_20-23min.jpg,,00441,0.40
crop_0311_f00442_c0.55_clip_20-23min.jpg,,00442,0.55
crop_0312_f00442_c0.42_clip_20-23min.jpg,,00442,0.42
crop_0313_f00443_c0.57_clip_20-23min.jpg,,00443,0.57
crop_0314_f00443_c0.42_clip_20-23min.jpg,,00443,0.42
crop_0315_f00444_c0.55_clip_20-23min.jpg,,00444,0.55
crop_0316_f00444_c0.45_clip_20-23min.jpg,,00444,0.45
crop_0317_f00445_c0.56_clip_20-23min.jpg,,00445,0.56
crop_0318_f00445_c0.46_clip_20-23min.jpg,,00445,0.46
crop_0319_f00446_c0.56_clip_20-23min.jpg,,00446,0.56
crop_0320_f00446_c0.46_clip_20-23min.jpg,,00446,0.46
crop_0321_f00447_c0.56_clip_20-23min.jpg,,00447,0.56
crop_0322_f00447_c0.43_clip_20-23min.jpg,,00447,0.43
crop_0323_f00448_c0.57_clip_20-23min.jpg,,00448,0.57
crop_0324_f00448_c0.41_clip_20-23min.jpg,,00448,0.41
crop_0325_f00449_c0.54_clip_20-23min.jpg,,00449,0.54
crop_0326_f00449_c0.37_clip_20-23min.jpg,,00449,0.37
crop_0327_f00450_c0.36_clip_20-23min.jpg,,00450,0.36
crop_0328_f00457_c0.43_clip_20-23min.jpg,,00457,0.43
crop_0329_f00461_c0.38_clip_20-23min.jpg,,00461,0.38
crop_0330_f00462_c0.40_clip_20-23min.jpg,,00462,0.40
crop_0331_f00463_c0.41_clip_20-23min.jpg,,00463,0.41
crop_0332_f00466_c0.47_clip_20-23min.jpg,,00466,0.47
crop_0333_f00467_c0.47_clip_20-23min.jpg,,00467,0.47
crop_0334_f00468_c0.46_clip_20-23min.jpg,,00468,0.46
crop_0335_f00469_c0.42_clip_20-23min.jpg,,00469,0.42
crop_0336_f00470_c0.46_clip_20-23min.jpg,,00470,0.46
crop_0337_f00471_c0.46_clip_20-23min.jpg,,00471,0.46
crop_0338_f00472_c0.45_clip_20-23min.jpg,,00472,0.45
crop_0339_f00473_c0.44_clip_20-23min.jpg,,00473,0.44
crop_0340_f00474_c0.46_clip_20-23min.jpg,,00474,0.46
crop_0341_f00475_c0.46_clip_20-23min.jpg,,00475,0.46
crop_0342_f00476_c0.50_clip_20-23min.jpg,,00476,0.50
crop_0343_f00476_c0.41_clip_20-23min.jpg,,00476,0.41
crop_0344_f00477_c0.53_clip_20-23min.jpg,,00477,0.53
crop_0345_f00478_c0.52_clip_20-23min.jpg,,00478,0.52
crop_0346_f00479_c0.48_clip_20-23min.jpg,,00479,0.48
crop_0347_f00480_c0.51_clip_20-23min.jpg,,00480,0.51
crop_0348_f00480_c0.43_clip_20-23min.jpg,,00480,0.43
crop_0349_f00481_c0.38_clip_20-23min.jpg,,00481,0.38
crop_0350_f00481_c0.37_clip_20-23min.jpg,,00481,0.37
crop_0351_f00487_c0.36_clip_20-23min.jpg,,00487,0.36
crop_0352_f00488_c0.42_clip_20-23min.jpg,,00488,0.42
crop_0353_f00489_c0.46_clip_20-23min.jpg,,00489,0.46
crop_0354_f00490_c0.44_clip_20-23min.jpg,,00490,0.44
crop_0355_f00491_c0.45_clip_20-23min.jpg,,00491,0.45
crop_0356_f00492_c0.47_clip_20-23min.jpg,,00492,0.47
crop_0357_f00493_c0.43_clip_20-23min.jpg,,00493,0.43
crop_0358_f00494_c0.42_clip_20-23min.jpg,,00494,0.42
crop_0359_f00495_c0.50_clip_20-23min.jpg,,00495,0.50
crop_0360_f00496_c0.56_clip_20-23min.jpg,,00496,0.56
crop_0361_f00497_c0.45_clip_20-23min.jpg,,00497,0.45
crop_0362_f00500_c0.43_clip_20-23min.jpg,,00500,0.43
crop_0363_f00552_c0.40_clip_20-23min.jpg,,00552,0.40
crop_0364_f00576_c0.39_clip_20-23min.jpg,,00576,0.39
crop_0365_f00578_c0.37_clip_20-23min.jpg,,00578,0.37
crop_0366_f00578_c0.36_clip_20-23min.jpg,,00578,0.36
crop_0367_f00579_c0.42_clip_20-23min.jpg,,00579,0.42
crop_0368_f00579_c0.38_clip_20-23min.jpg,,00579,0.38
crop_0369_f00579_c0.38_clip_20-23min.jpg,,00579,0.38
crop_0370_f00579_c0.37_clip_20-23min.jpg,,00579,0.37
crop_0371_f00580_c0.43_clip_20-23min.jpg,,00580,0.43
crop_0372_f00580_c0.39_clip_20-23min.jpg,,00580,0.39
crop_0373_f00581_c0.41_clip_20-23min.jpg,,00581,0.41
crop_0374_f00581_c0.39_clip_20-23min.jpg,,00581,0.39
crop_0375_f00582_c0.44_clip_20-23min.jpg,,00582,0.44
crop_0376_f00582_c0.40_clip_20-23min.jpg,,00582,0.40
crop_0377_f00583_c0.42_clip_20-23min.jpg,,00583,0.42
crop_0378_f00584_c0.38_clip_20-23min.jpg,,00584,0.38
crop_0379_f00585_c0.36_clip_20-23min.jpg,,00585,0.36
crop_0380_f00586_c0.36_clip_20-23min.jpg,,00586,0.36
crop_0381_f00601_c0.41_clip_20-23min.jpg,,00601,0.41
crop_0382_f00602_c0.39_clip_20-23min.jpg,,00602,0.39
crop_0383_f00602_c0.37_clip_20-23min.jpg,,00602,0.37
crop_0384_f00603_c0.37_clip_20-23min.jpg,,00603,0.37
crop_0385_f00607_c0.45_clip_20-23min.jpg,,00607,0.45
crop_0386_f00607_c0.39_clip_20-23min.jpg,,00607,0.39
crop_0387_f00607_c0.35_clip_20-23min.jpg,,00607,0.35
crop_0388_f00609_c0.38_clip_20-23min.jpg,,00609,0.38
crop_0389_f00610_c0.40_clip_20-23min.jpg,,00610,0.40
crop_0390_f00611_c0.41_clip_20-23min.jpg,,00611,0.41
crop_0391_f00612_c0.38_clip_20-23min.jpg,,00612,0.38
crop_0392_f00613_c0.38_clip_20-23min.jpg,,00613,0.38
crop_0393_f00613_c0.35_clip_20-23min.jpg,,00613,0.35
crop_0394_f00614_c0.40_clip_20-23min.jpg,,00614,0.40
crop_0395_f00615_c0.42_clip_20-23min.jpg,,00615,0.42
crop_0396_f00616_c0.44_clip_20-23min.jpg,,00616,0.44
crop_0397_f00617_c0.45_clip_20-23min.jpg,,00617,0.45
crop_0398_f00618_c0.46_clip_20-23min.jpg,,00618,0.46
crop_0399_f00619_c0.42_clip_20-23min.jpg,,00619,0.42
crop_0400_f00620_c0.44_clip_20-23min.jpg,,00620,0.44
crop_0401_f00621_c0.44_clip_20-23min.jpg,,00621,0.44
crop_0402_f00626_c0.43_clip_20-23min.jpg,,00626,0.43
crop_0403_f00627_c0.44_clip_20-23min.jpg,,00627,0.44
crop_0404_f00628_c0.50_clip_20-23min.jpg,,00628,0.50
crop_0405_f00629_c0.46_clip_20-23min.jpg,,00629,0.46
crop_0406_f00630_c0.43_clip_20-23min.jpg,,00630,0.43
crop_0407_f00631_c0.40_clip_20-23min.jpg,,00631,0.40
crop_0408_f00632_c0.41_clip_20-23min.jpg,,00632,0.41
crop_0409_f00633_c0.44_clip_20-23min.jpg,,00633,0.44
crop_0410_f00634_c0.45_clip_20-23min.jpg,,00634,0.45
crop_0411_f00634_c0.38_clip_20-23min.jpg,,00634,0.38
crop_0412_f00635_c0.43_clip_20-23min.jpg,,00635,0.43
crop_0413_f00635_c0.35_clip_20-23min.jpg,,00635,0.35
crop_0414_f00636_c0.42_clip_20-23min.jpg,,00636,0.42
crop_0415_f00637_c0.43_clip_20-23min.jpg,,00637,0.43
crop_0416_f00638_c0.43_clip_20-23min.jpg,,00638,0.43
crop_0417_f00639_c0.42_clip_20-23min.jpg,,00639,0.42
crop_0418_f00640_c0.41_clip_20-23min.jpg,,00640,0.41
crop_0419_f00641_c0.43_clip_20-23min.jpg,,00641,0.43
crop_0420_f00642_c0.42_clip_20-23min.jpg,,00642,0.42
crop_0421_f00643_c0.40_clip_20-23min.jpg,,00643,0.40
crop_0422_f00644_c0.37_clip_20-23min.jpg,,00644,0.37
crop_0423_f00644_c0.37_clip_20-23min.jpg,,00644,0.37
crop_0424_f00645_c0.37_clip_20-23min.jpg,,00645,0.37
crop_0425_f00646_c0.36_clip_20-23min.jpg,,00646,0.36
crop_0426_f00647_c0.36_clip_20-23min.jpg,,00647,0.36
crop_0427_f00648_c0.35_clip_20-23min.jpg,,00648,0.35
crop_0428_f00649_c0.36_clip_20-23min.jpg,,00649,0.36
crop_0429_f00649_c0.36_clip_20-23min.jpg,,00649,0.36
crop_0430_f00650_c0.35_clip_20-23min.jpg,,00650,0.35
crop_0431_f00652_c0.40_clip_20-23min.jpg,,00652,0.40
crop_0432_f00652_c0.35_clip_20-23min.jpg,,00652,0.35
crop_0433_f00653_c0.40_clip_20-23min.jpg,,00653,0.40
crop_0434_f00654_c0.40_clip_20-23min.jpg,,00654,0.40
crop_0435_f00655_c0.41_clip_20-23min.jpg,,00655,0.41
crop_0436_f00656_c0.41_clip_20-23min.jpg,,00656,0.41
crop_0437_f00656_c0.38_clip_20-23min.jpg,,00656,0.38
crop_0438_f00657_c0.42_clip_20-23min.jpg,,00657,0.42
crop_0439_f00658_c0.38_clip_20-23min.jpg,,00658,0.38
crop_0440_f00658_c0.38_clip_20-23min.jpg,,00658,0.38
crop_0441_f00659_c0.38_clip_20-23min.jpg,,00659,0.38
crop_0442_f00660_c0.39_clip_20-23min.jpg,,00660,0.39
crop_0443_f00661_c0.40_clip_20-23min.jpg,,00661,0.40
crop_0444_f00662_c0.42_clip_20-23min.jpg,,00662,0.42
crop_0445_f00662_c0.38_clip_20-23min.jpg,,00662,0.38
crop_0446_f00663_c0.42_clip_20-23min.jpg,,00663,0.42
crop_0447_f00664_c0.45_clip_20-23min.jpg,,00664,0.45
crop_0448_f00665_c0.42_clip_20-23min.jpg,,00665,0.42
crop_0449_f00666_c0.41_clip_20-23min.jpg,,00666,0.41
crop_0450_f00667_c0.37_clip_20-23min.jpg,,00667,0.37
crop_0451_f00668_c0.35_clip_20-23min.jpg,,00668,0.35
crop_0452_f00675_c0.42_clip_20-23min.jpg,,00675,0.42
crop_0453_f00676_c0.35_clip_20-23min.jpg,,00676,0.35
crop_0454_f00680_c0.43_clip_20-23min.jpg,,00680,0.43
crop_0455_f00683_c0.35_clip_20-23min.jpg,,00683,0.35
crop_0456_f00690_c0.37_clip_20-23min.jpg,,00690,0.37
crop_0457_f00691_c0.45_clip_20-23min.jpg,,00691,0.45
crop_0458_f00692_c0.45_clip_20-23min.jpg,,00692,0.45
crop_0459_f00693_c0.46_clip_20-23min.jpg,,00693,0.46
crop_0460_f00694_c0.46_clip_20-23min.jpg,,00694,0.46
crop_0461_f00695_c0.46_clip_20-23min.jpg,,00695,0.46
crop_0462_f00696_c0.46_clip_20-23min.jpg,,00696,0.46
crop_0463_f00697_c0.50_clip_20-23min.jpg,,00697,0.50
crop_0464_f00698_c0.52_clip_20-23min.jpg,,00698,0.52
crop_0465_f00699_c0.56_clip_20-23min.jpg,,00699,0.56
crop_0466_f00700_c0.59_clip_20-23min.jpg,,00700,0.59
crop_0467_f00701_c0.59_clip_20-23min.jpg,,00701,0.59
crop_0468_f00702_c0.57_clip_20-23min.jpg,,00702,0.57
crop_0469_f00702_c0.51_clip_20-23min.jpg,,00702,0.51
crop_0470_f00703_c0.55_clip_20-23min.jpg,,00703,0.55
crop_0471_f00703_c0.44_clip_20-23min.jpg,,00703,0.44
crop_0472_f00704_c0.56_clip_20-23min.jpg,,00704,0.56
crop_0473_f00704_c0.40_clip_20-23min.jpg,,00704,0.40
crop_0474_f00705_c0.48_clip_20-23min.jpg,,00705,0.48
crop_0475_f00706_c0.42_clip_20-23min.jpg,,00706,0.42
crop_0476_f00707_c0.37_clip_20-23min.jpg,,00707,0.37
crop_0477_f00708_c0.37_clip_20-23min.jpg,,00708,0.37
crop_0478_f00709_c0.40_clip_20-23min.jpg,,00709,0.40
crop_0479_f00710_c0.44_clip_20-23min.jpg,,00710,0.44
crop_0480_f00711_c0.47_clip_20-23min.jpg,,00711,0.47
crop_0481_f00712_c0.50_clip_20-23min.jpg,,00712,0.50
crop_0482_f00713_c0.40_clip_20-23min.jpg,,00713,0.40
crop_0483_f00726_c0.43_clip_20-23min.jpg,,00726,0.43
crop_0484_f00736_c0.40_clip_20-23min.jpg,,00736,0.40
crop_0485_f00737_c0.42_clip_20-23min.jpg,,00737,0.42
crop_0486_f00737_c0.39_clip_20-23min.jpg,,00737,0.39
crop_0487_f00738_c0.44_clip_20-23min.jpg,,00738,0.44
crop_0488_f00739_c0.42_clip_20-23min.jpg,,00739,0.42
crop_0489_f00740_c0.48_clip_20-23min.jpg,,00740,0.48
crop_0490_f00741_c0.52_clip_20-23min.jpg,,00741,0.52
crop_0491_f00742_c0.53_clip_20-23min.jpg,,00742,0.53
crop_0492_f00743_c0.54_clip_20-23min.jpg,,00743,0.54
crop_0493_f00744_c0.57_clip_20-23min.jpg,,00744,0.57
crop_0494_f00745_c0.58_clip_20-23min.jpg,,00745,0.58
crop_0495_f00745_c0.40_clip_20-23min.jpg,,00745,0.40
crop_0496_f00746_c0.58_clip_20-23min.jpg,,00746,0.58
crop_0497_f00746_c0.39_clip_20-23min.jpg,,00746,0.39
crop_0498_f00747_c0.59_clip_20-23min.jpg,,00747,0.59
crop_0499_f00747_c0.36_clip_20-23min.jpg,,00747,0.36
crop_0500_f00748_c0.59_clip_20-23min.jpg,,00748,0.59
crop_0501_f00748_c0.45_clip_20-23min.jpg,,00748,0.45
crop_0502_f00749_c0.58_clip_20-23min.jpg,,00749,0.58
crop_0503_f00749_c0.46_clip_20-23min.jpg,,00749,0.46
crop_0504_f00750_c0.58_clip_20-23min.jpg,,00750,0.58
crop_0505_f00750_c0.46_clip_20-23min.jpg,,00750,0.46
crop_0506_f00751_c0.58_clip_20-23min.jpg,,00751,0.58
crop_0507_f00751_c0.47_clip_20-23min.jpg,,00751,0.47
crop_0508_f00752_c0.59_clip_20-23min.jpg,,00752,0.59
crop_0509_f00752_c0.48_clip_20-23min.jpg,,00752,0.48
crop_0510_f00753_c0.60_clip_20-23min.jpg,,00753,0.60
crop_0511_f00753_c0.49_clip_20-23min.jpg,,00753,0.49
crop_0512_f00754_c0.60_clip_20-23min.jpg,,00754,0.60
crop_0513_f00754_c0.52_clip_20-23min.jpg,,00754,0.52
crop_0514_f00755_c0.61_clip_20-23min.jpg,,00755,0.61
crop_0515_f00755_c0.49_clip_20-23min.jpg,,00755,0.49
crop_0516_f00756_c0.61_clip_20-23min.jpg,,00756,0.61
crop_0517_f00756_c0.47_clip_20-23min.jpg,,00756,0.47
crop_0518_f00757_c0.60_clip_20-23min.jpg,,00757,0.60
crop_0519_f00757_c0.50_clip_20-23min.jpg,,00757,0.50
crop_0520_f00758_c0.61_clip_20-23min.jpg,,00758,0.61
crop_0521_f00758_c0.54_clip_20-23min.jpg,,00758,0.54
crop_0522_f00759_c0.58_clip_20-23min.jpg,,00759,0.58
crop_0523_f00759_c0.57_clip_20-23min.jpg,,00759,0.57
crop_0524_f00760_c0.57_clip_20-23min.jpg,,00760,0.57
crop_0525_f00760_c0.42_clip_20-23min.jpg,,00760,0.42
crop_0526_f00761_c0.59_clip_20-23min.jpg,,00761,0.59
crop_0527_f00762_c0.55_clip_20-23min.jpg,,00762,0.55
crop_0528_f00762_c0.40_clip_20-23min.jpg,,00762,0.40
crop_0529_f00763_c0.52_clip_20-23min.jpg,,00763,0.52
crop_0530_f00763_c0.43_clip_20-23min.jpg,,00763,0.43
crop_0531_f00764_c0.48_clip_20-23min.jpg,,00764,0.48
crop_0532_f00765_c0.37_clip_20-23min.jpg,,00765,0.37
crop_0533_f00766_c0.50_clip_20-23min.jpg,,00766,0.50
crop_0534_f00766_c0.48_clip_20-23min.jpg,,00766,0.48
crop_0535_f00767_c0.58_clip_20-23min.jpg,,00767,0.58
crop_0536_f00767_c0.47_clip_20-23min.jpg,,00767,0.47
crop_0537_f00768_c0.60_clip_20-23min.jpg,,00768,0.60
crop_0538_f00768_c0.40_clip_20-23min.jpg,,00768,0.40
crop_0539_f00769_c0.61_clip_20-23min.jpg,,00769,0.61
crop_0540_f00770_c0.61_clip_20-23min.jpg,,00770,0.61
crop_0541_f00770_c0.53_clip_20-23min.jpg,,00770,0.53
crop_0542_f00770_c0.37_clip_20-23min.jpg,,00770,0.37
crop_0543_f00771_c0.60_clip_20-23min.jpg,,00771,0.60
crop_0544_f00771_c0.49_clip_20-23min.jpg,,00771,0.49
crop_0545_f00772_c0.61_clip_20-23min.jpg,,00772,0.61
crop_0546_f00772_c0.43_clip_20-23min.jpg,,00772,0.43
crop_0547_f00773_c0.61_clip_20-23min.jpg,,00773,0.61
crop_0548_f00773_c0.44_clip_20-23min.jpg,,00773,0.44
crop_0549_f00774_c0.58_clip_20-23min.jpg,,00774,0.58
crop_0550_f00774_c0.42_clip_20-23min.jpg,,00774,0.42
crop_0551_f00775_c0.58_clip_20-23min.jpg,,00775,0.58
crop_0552_f00775_c0.39_clip_20-23min.jpg,,00775,0.39
crop_0553_f00776_c0.48_clip_20-23min.jpg,,00776,0.48
crop_0554_f00778_c0.44_clip_20-23min.jpg,,00778,0.44
crop_0555_f00783_c0.38_clip_20-23min.jpg,,00783,0.38
crop_0556_f00785_c0.58_clip_20-23min.jpg,,00785,0.58
crop_0557_f00786_c0.40_clip_20-23min.jpg,,00786,0.40
crop_0558_f00787_c0.44_clip_20-23min.jpg,,00787,0.44
crop_0559_f00806_c0.46_clip_20-23min.jpg,,00806,0.46
crop_0560_f00807_c0.56_clip_20-23min.jpg,,00807,0.56
crop_0561_f00809_c0.44_clip_20-23min.jpg,,00809,0.44
crop_0562_f00810_c0.48_clip_20-23min.jpg,,00810,0.48
crop_0563_f00811_c0.46_clip_20-23min.jpg,,00811,0.46
crop_0564_f00812_c0.45_clip_20-23min.jpg,,00812,0.45
crop_0565_f00813_c0.47_clip_20-23min.jpg,,00813,0.47
crop_0566_f00814_c0.47_clip_20-23min.jpg,,00814,0.47
crop_0567_f00815_c0.47_clip_20-23min.jpg,,00815,0.47
crop_0568_f00816_c0.46_clip_20-23min.jpg,,00816,0.46
crop_0569_f00817_c0.36_clip_20-23min.jpg,,00817,0.36
crop_0570_f00829_c0.40_clip_20-23min.jpg,,00829,0.40
crop_0571_f00830_c0.42_clip_20-23min.jpg,,00830,0.42
crop_0572_f00830_c0.36_clip_20-23min.jpg,,00830,0.36
crop_0573_f00831_c0.38_clip_20-23min.jpg,,00831,0.38
crop_0574_f00832_c0.41_clip_20-23min.jpg,,00832,0.41
crop_0575_f00833_c0.46_clip_20-23min.jpg,,00833,0.46
crop_0576_f00834_c0.44_clip_20-23min.jpg,,00834,0.44
crop_0577_f00847_c0.41_clip_20-23min.jpg,,00847,0.41
crop_0578_f00849_c0.44_clip_20-23min.jpg,,00849,0.44
crop_0579_f00850_c0.36_clip_20-23min.jpg,,00850,0.36
crop_0580_f00851_c0.53_clip_20-23min.jpg,,00851,0.53
crop_0581_f00855_c0.42_clip_20-23min.jpg,,00855,0.42
crop_0582_f00858_c0.45_clip_20-23min.jpg,,00858,0.45
crop_0583_f00862_c0.47_clip_20-23min.jpg,,00862,0.47
crop_0584_f00862_c0.45_clip_20-23min.jpg,,00862,0.45
crop_0585_f00863_c0.36_clip_20-23min.jpg,,00863,0.36
crop_0586_f00865_c0.49_clip_20-23min.jpg,,00865,0.49
crop_0587_f00872_c0.37_clip_20-23min.jpg,,00872,0.37
crop_0588_f00873_c0.40_clip_20-23min.jpg,,00873,0.40
crop_0589_f00881_c0.46_clip_20-23min.jpg,,00881,0.46
crop_0590_f00882_c0.58_clip_20-23min.jpg,,00882,0.58
crop_0591_f00883_c0.50_clip_20-23min.jpg,,00883,0.50
crop_0592_f00890_c0.54_clip_20-23min.jpg,,00890,0.54
crop_0593_f00892_c0.42_clip_20-23min.jpg,,00892,0.42
crop_0594_f00896_c0.47_clip_20-23min.jpg,,00896,0.47
crop_0595_f00896_c0.41_clip_20-23min.jpg,,00896,0.41
crop_0596_f00897_c0.60_clip_20-23min.jpg,,00897,0.60
crop_0597_f00897_c0.35_clip_20-23min.jpg,,00897,0.35
crop_0598_f00898_c0.63_clip_20-23min.jpg,,00898,0.63
crop_0599_f00898_c0.36_clip_20-23min.jpg,,00898,0.36
crop_0600_f00908_c0.49_clip_20-23min.jpg,,00908,0.49
crop_0601_f00909_c0.42_clip_20-23min.jpg,,00909,0.42
crop_0602_f00910_c0.45_clip_20-23min.jpg,,00910,0.45
crop_0603_f00921_c0.56_clip_20-23min.jpg,,00921,0.56
crop_0604_f00922_c0.35_clip_20-23min.jpg,,00922,0.35
crop_0605_f00941_c0.66_clip_20-23min.jpg,,00941,0.66
crop_0606_f00942_c0.37_clip_20-23min.jpg,,00942,0.37
crop_0607_f00944_c0.53_clip_20-23min.jpg,,00944,0.53
crop_0608_f00945_c0.39_clip_20-23min.jpg,,00945,0.39
crop_0609_f00948_c0.44_clip_20-23min.jpg,,00948,0.44
crop_0610_f00963_c0.46_clip_20-23min.jpg,,00963,0.46
crop_0611_f00964_c0.62_clip_20-23min.jpg,,00964,0.62
crop_0612_f00965_c0.68_clip_20-23min.jpg,,00965,0.68
crop_0613_f00966_c0.61_clip_20-23min.jpg,,00966,0.61
crop_0614_f00967_c0.68_clip_20-23min.jpg,,00967,0.68
crop_0615_f00968_c0.63_clip_20-23min.jpg,,00968,0.63
crop_0616_f00969_c0.60_clip_20-23min.jpg,,00969,0.60
crop_0617_f00970_c0.51_clip_20-23min.jpg,,00970,0.51
crop_0618_f00974_c0.47_clip_20-23min.jpg,,00974,0.47
crop_0619_f00985_c0.47_clip_20-23min.jpg,,00985,0.47
crop_0620_f00986_c0.41_clip_20-23min.jpg,,00986,0.41
crop_0621_f00988_c0.47_clip_20-23min.jpg,,00988,0.47
crop_0622_f00989_c0.59_clip_20-23min.jpg,,00989,0.59
crop_0623_f00990_c0.64_clip_20-23min.jpg,,00990,0.64
crop_0624_f00991_c0.40_clip_20-23min.jpg,,00991,0.40
crop_0625_f00993_c0.38_clip_20-23min.jpg,,00993,0.38
crop_0626_f01009_c0.37_clip_20-23min.jpg,,01009,0.37
crop_0627_f01014_c0.37_clip_20-23min.jpg,,01014,0.37
crop_0628_f01017_c0.36_clip_20-23min.jpg,,01017,0.36
crop_0629_f01170_c0.45_clip_20-23min.jpg,,01170,0.45
crop_0630_f01170_c0.35_clip_20-23min.jpg,,01170,0.35
crop_0631_f01171_c0.37_clip_20-23min.jpg,,01171,0.37
crop_0632_f01172_c0.43_clip_20-23min.jpg,,01172,0.43
crop_0633_f01174_c0.39_clip_20-23min.jpg,,01174,0.39
crop_0634_f01187_c0.47_clip_20-23min.jpg,,01187,0.47
crop_0635_f01188_c0.43_clip_20-23min.jpg,,01188,0.43
crop_0636_f01190_c0.51_clip_20-23min.jpg,,01190,0.51
crop_0637_f01190_c0.38_clip_20-23min.jpg,,01190,0.38
crop_0638_f01191_c0.41_clip_20-23min.jpg,,01191,0.41
crop_0639_f01192_c0.46_clip_20-23min.jpg,,01192,0.46
crop_0640_f01193_c0.41_clip_20-23min.jpg,,01193,0.41
crop_0641_f01194_c0.41_clip_20-23min.jpg,,01194,0.41
crop_0642_f01195_c0.47_clip_20-23min.jpg,,01195,0.47
crop_0643_f01195_c0.45_clip_20-23min.jpg,,01195,0.45
crop_0644_f01196_c0.38_clip_20-23min.jpg,,01196,0.38
crop_0645_f01197_c0.44_clip_20-23min.jpg,,01197,0.44
crop_0646_f01197_c0.40_clip_20-23min.jpg,,01197,0.40
crop_0647_f01198_c0.51_clip_20-23min.jpg,,01198,0.51
crop_0648_f01205_c0.43_clip_20-23min.jpg,,01205,0.43
crop_0649_f01206_c0.48_clip_20-23min.jpg,,01206,0.48
crop_0650_f01206_c0.41_clip_20-23min.jpg,,01206,0.41
crop_0651_f01206_c0.36_clip_20-23min.jpg,,01206,0.36
crop_0652_f01207_c0.51_clip_20-23min.jpg,,01207,0.51
crop_0653_f01207_c0.46_clip_20-23min.jpg,,01207,0.46
crop_0654_f01208_c0.51_clip_20-23min.jpg,,01208,0.51
crop_0655_f01208_c0.45_clip_20-23min.jpg,,01208,0.45
crop_0656_f01227_c0.35_clip_20-23min.jpg,,01227,0.35
crop_0657_f01229_c0.42_clip_20-23min.jpg,,01229,0.42
crop_0658_f01229_c0.39_clip_20-23min.jpg,,01229,0.39
crop_0659_f01231_c0.42_clip_20-23min.jpg,,01231,0.42
crop_0660_f01232_c0.38_clip_20-23min.jpg,,01232,0.38
crop_0661_f01234_c0.55_clip_20-23min.jpg,,01234,0.55
crop_0662_f01235_c0.59_clip_20-23min.jpg,,01235,0.59
crop_0663_f01236_c0.53_clip_20-23min.jpg,,01236,0.53
crop_0664_f01237_c0.36_clip_20-23min.jpg,,01237,0.36
crop_0665_f01238_c0.59_clip_20-23min.jpg,,01238,0.59
crop_0666_f01239_c0.59_clip_20-23min.jpg,,01239,0.59
crop_0667_f01239_c0.37_clip_20-23min.jpg,,01239,0.37
crop_0668_f01240_c0.35_clip_20-23min.jpg,,01240,0.35
crop_0669_f01248_c0.44_clip_20-23min.jpg,,01248,0.44
crop_0670_f01249_c0.41_clip_20-23min.jpg,,01249,0.41
crop_0671_f01250_c0.41_clip_20-23min.jpg,,01250,0.41
crop_0672_f01251_c0.60_clip_20-23min.jpg,,01251,0.60
crop_0673_f01252_c0.50_clip_20-23min.jpg,,01252,0.50
crop_0674_f01253_c0.39_clip_20-23min.jpg,,01253,0.39
crop_0675_f01254_c0.59_clip_20-23min.jpg,,01254,0.59
crop_0676_f01254_c0.42_clip_20-23min.jpg,,01254,0.42
crop_0677_f01255_c0.61_clip_20-23min.jpg,,01255,0.61
crop_0678_f01255_c0.49_clip_20-23min.jpg,,01255,0.49
crop_0679_f01256_c0.36_clip_20-23min.jpg,,01256,0.36
crop_0680_f01259_c0.37_clip_20-23min.jpg,,01259,0.37
crop_0681_f01260_c0.51_clip_20-23min.jpg,,01260,0.51
crop_0682_f01260_c0.36_clip_20-23min.jpg,,01260,0.36
crop_0683_f01263_c0.48_clip_20-23min.jpg,,01263,0.48
crop_0684_f01264_c0.35_clip_20-23min.jpg,,01264,0.35
crop_0685_f01265_c0.37_clip_20-23min.jpg,,01265,0.37
crop_0686_f01266_c0.51_clip_20-23min.jpg,,01266,0.51
crop_0687_f01267_c0.58_clip_20-23min.jpg,,01267,0.58
crop_0688_f01268_c0.46_clip_20-23min.jpg,,01268,0.46
crop_0689_f01269_c0.43_clip_20-23min.jpg,,01269,0.43
crop_0690_f01270_c0.45_clip_20-23min.jpg,,01270,0.45
crop_0691_f01270_c0.42_clip_20-23min.jpg,,01270,0.42
crop_0692_f01270_c0.38_clip_20-23min.jpg,,01270,0.38
crop_0693_f01272_c0.36_clip_20-23min.jpg,,01272,0.36
crop_0694_f01273_c0.41_clip_20-23min.jpg,,01273,0.41
crop_0695_f01290_c0.45_clip_20-23min.jpg,,01290,0.45
crop_0696_f01292_c0.36_clip_20-23min.jpg,,01292,0.36
crop_0697_f01295_c0.42_clip_20-23min.jpg,,01295,0.42
crop_0698_f01296_c0.52_clip_20-23min.jpg,,01296,0.52
crop_0699_f01296_c0.41_clip_20-23min.jpg,,01296,0.41
crop_0700_f01322_c0.47_clip_20-23min.jpg,,01322,0.47
crop_0701_f01325_c0.41_clip_20-23min.jpg,,01325,0.41
crop_0702_f01326_c0.37_clip_20-23min.jpg,,01326,0.37
crop_0703_f01327_c0.38_clip_20-23min.jpg,,01327,0.38
crop_0704_f01338_c0.40_clip_20-23min.jpg,,01338,0.40
crop_0705_f01376_c0.49_clip_20-23min.jpg,,01376,0.49
crop_0706_f01377_c0.44_clip_20-23min.jpg,,01377,0.44
crop_0707_f01421_c0.38_clip_20-23min.jpg,,01421,0.38
crop_0708_f01422_c0.39_clip_20-23min.jpg,,01422,0.39
crop_0709_f01447_c0.36_clip_20-23min.jpg,,01447,0.36
crop_0710_f01448_c0.48_clip_20-23min.jpg,,01448,0.48
crop_0711_f01449_c0.51_clip_20-23min.jpg,,01449,0.51
crop_0712_f01451_c0.49_clip_20-23min.jpg,,01451,0.49
crop_0713_f01452_c0.44_clip_20-23min.jpg,,01452,0.44
crop_0714_f01453_c0.47_clip_20-23min.jpg,,01453,0.47
crop_0715_f01454_c0.37_clip_20-23min.jpg,,01454,0.37
crop_0716_f01461_c0.35_clip_20-23min.jpg,,01461,0.35
crop_0717_f01462_c0.39_clip_20-23min.jpg,,01462,0.39
crop_0718_f01463_c0.46_clip_20-23min.jpg,,01463,0.46
crop_0719_f01471_c0.38_clip_20-23min.jpg,,01471,0.38
crop_0720_f01472_c0.52_clip_20-23min.jpg,,01472,0.52
crop_0721_f01473_c0.57_clip_20-23min.jpg,,01473,0.57
crop_0722_f01474_c0.53_clip_20-23min.jpg,,01474,0.53
crop_0723_f01477_c0.42_clip_20-23min.jpg,,01477,0.42
crop_0724_f01478_c0.53_clip_20-23min.jpg,,01478,0.53
crop_0725_f01479_c0.65_clip_20-23min.jpg,,01479,0.65
crop_0726_f01480_c0.60_clip_20-23min.jpg,,01480,0.60
crop_0727_f01481_c0.58_clip_20-23min.jpg,,01481,0.58
crop_0728_f01482_c0.39_clip_20-23min.jpg,,01482,0.39
crop_0729_f01483_c0.53_clip_20-23min.jpg,,01483,0.53
crop_0730_f01484_c0.62_clip_20-23min.jpg,,01484,0.62
crop_0731_f01485_c0.62_clip_20-23min.jpg,,01485,0.62
crop_0732_f01486_c0.57_clip_20-23min.jpg,,01486,0.57
crop_0733_f01487_c0.41_clip_20-23min.jpg,,01487,0.41
crop_0734_f01488_c0.40_clip_20-23min.jpg,,01488,0.40
crop_0735_f01489_c0.51_clip_20-23min.jpg,,01489,0.51
crop_0736_f01490_c0.51_clip_20-23min.jpg,,01490,0.51
crop_0737_f01493_c0.40_clip_20-23min.jpg,,01493,0.40
crop_0738_f01498_c0.46_clip_20-23min.jpg,,01498,0.46
crop_0739_f01499_c0.41_clip_20-23min.jpg,,01499,0.41
crop_0740_f01501_c0.51_clip_20-23min.jpg,,01501,0.51
crop_0741_f01502_c0.35_clip_20-23min.jpg,,01502,0.35
crop_0742_f01503_c0.41_clip_20-23min.jpg,,01503,0.41
crop_0743_f01504_c0.47_clip_20-23min.jpg,,01504,0.47
crop_0744_f01509_c0.37_clip_20-23min.jpg,,01509,0.37
crop_0745_f01520_c0.38_clip_20-23min.jpg,,01520,0.38
crop_0746_f01522_c0.39_clip_20-23min.jpg,,01522,0.39
crop_0747_f01525_c0.46_clip_20-23min.jpg,,01525,0.46
crop_0748_f01526_c0.41_clip_20-23min.jpg,,01526,0.41
crop_0749_f01527_c0.37_clip_20-23min.jpg,,01527,0.37
crop_0750_f01545_c0.37_clip_20-23min.jpg,,01545,0.37
crop_0751_f01547_c0.47_clip_20-23min.jpg,,01547,0.47
crop_0752_f01548_c0.51_clip_20-23min.jpg,,01548,0.51
crop_0753_f01550_c0.40_clip_20-23min.jpg,,01550,0.40
crop_0754_f01553_c0.35_clip_20-23min.jpg,,01553,0.35
crop_0755_f01602_c0.44_clip_20-23min.jpg,,01602,0.44
crop_0756_f01609_c0.36_clip_20-23min.jpg,,01609,0.36
crop_0757_f01668_c0.36_clip_20-23min.jpg,,01668,0.36
crop_0758_f01669_c0.36_clip_20-23min.jpg,,01669,0.36
crop_0759_f01748_c0.40_clip_20-23min.jpg,,01748,0.40
crop_0760_f01765_c0.40_clip_20-23min.jpg,,01765,0.40
crop_0761_f01766_c0.40_clip_20-23min.jpg,,01766,0.40
crop_0762_f01771_c0.39_clip_20-23min.jpg,,01771,0.39
crop_0763_f01772_c0.39_clip_20-23min.jpg,,01772,0.39
crop_0764_f01775_c0.41_clip_20-23min.jpg,,01775,0.41
crop_0765_f01780_c0.42_clip_20-23min.jpg,,01780,0.42
crop_0766_f01781_c0.42_clip_20-23min.jpg,,01781,0.42
crop_0767_f01782_c0.42_clip_20-23min.jpg,,01782,0.42
crop_0768_f01783_c0.47_clip_20-23min.jpg,,01783,0.47
crop_0769_f01784_c0.44_clip_20-23min.jpg,,01784,0.44
crop_0770_f01785_c0.45_clip_20-23min.jpg,,01785,0.45
crop_0771_f01795_c0.41_clip_20-23min.jpg,,01795,0.41
crop_0772_f01797_c0.44_clip_20-23min.jpg,,01797,0.44
crop_0773_f01801_c0.36_clip_20-23min.jpg,,01801,0.36
crop_0774_f01803_c0.40_clip_20-23min.jpg,,01803,0.40
crop_0775_f01804_c0.43_clip_20-23min.jpg,,01804,0.43
crop_0776_f01804_c0.37_clip_20-23min.jpg,,01804,0.37
crop_0777_f01805_c0.45_clip_20-23min.jpg,,01805,0.45
crop_0778_f01806_c0.40_clip_20-23min.jpg,,01806,0.40
crop_0779_f01807_c0.47_clip_20-23min.jpg,,01807,0.47
crop_0780_f01808_c0.51_clip_20-23min.jpg,,01808,0.51
crop_0781_f01811_c0.46_clip_20-23min.jpg,,01811,0.46
crop_0782_f01812_c0.47_clip_20-23min.jpg,,01812,0.47
crop_0783_f01813_c0.42_clip_20-23min.jpg,,01813,0.42
crop_0784_f01816_c0.45_clip_20-23min.jpg,,01816,0.45
crop_0785_f01821_c0.37_clip_20-23min.jpg,,01821,0.37
crop_0786_f01841_c0.37_clip_20-23min.jpg,,01841,0.37
crop_0787_f01843_c0.38_clip_20-23min.jpg,,01843,0.38
crop_0788_f01844_c0.38_clip_20-23min.jpg,,01844,0.38
crop_0789_f01845_c0.39_clip_20-23min.jpg,,01845,0.39
crop_0790_f01846_c0.38_clip_20-23min.jpg,,01846,0.38
crop_0791_f01847_c0.40_clip_20-23min.jpg,,01847,0.40
crop_0792_f01848_c0.39_clip_20-23min.jpg,,01848,0.39
crop_0793_f01849_c0.36_clip_20-23min.jpg,,01849,0.36
crop_0794_f01854_c0.44_clip_20-23min.jpg,,01854,0.44
crop_0795_f01855_c0.46_clip_20-23min.jpg,,01855,0.46
crop_0796_f01858_c0.39_clip_20-23min.jpg,,01858,0.39
crop_0797_f01859_c0.40_clip_20-23min.jpg,,01859,0.40
crop_0798_f01907_c0.39_clip_20-23min.jpg,,01907,0.39
crop_0799_f01914_c0.37_clip_20-23min.jpg,,01914,0.37
crop_0800_f01915_c0.37_clip_20-23min.jpg,,01915,0.37
crop_0801_f01916_c0.37_clip_20-23min.jpg,,01916,0.37
crop_0802_f01917_c0.36_clip_20-23min.jpg,,01917,0.36
crop_0803_f01918_c0.36_clip_20-23min.jpg,,01918,0.36
crop_0804_f01919_c0.36_clip_20-23min.jpg,,01919,0.36
crop_0805_f01920_c0.39_clip_20-23min.jpg,,01920,0.39
crop_0806_f01921_c0.39_clip_20-23min.jpg,,01921,0.39
crop_0807_f01922_c0.44_clip_20-23min.jpg,,01922,0.44
crop_0808_f01944_c0.37_clip_20-23min.jpg,,01944,0.37
crop_0809_f01985_c0.39_clip_20-23min.jpg,,01985,0.39
crop_0810_f01986_c0.46_clip_20-23min.jpg,,01986,0.46
crop_0811_f01987_c0.39_clip_20-23min.jpg,,01987,0.39
crop_0812_f02000_c0.45_clip_20-23min.jpg,,02000,0.45
crop_0813_f02001_c0.46_clip_20-23min.jpg,,02001,0.46
crop_0814_f02002_c0.46_clip_20-23min.jpg,,02002,0.46
crop_0815_f02003_c0.46_clip_20-23min.jpg,,02003,0.46
crop_0816_f02004_c0.43_clip_20-23min.jpg,,02004,0.43
crop_0817_f02082_c0.46_clip_20-23min.jpg,,02082,0.46
crop_0818_f02084_c0.48_clip_20-23min.jpg,,02084,0.48
crop_0819_f02085_c0.58_clip_20-23min.jpg,,02085,0.58
crop_0820_f02086_c0.50_clip_20-23min.jpg,,02086,0.50
crop_0821_f02087_c0.52_clip_20-23min.jpg,,02087,0.52
crop_0822_f02088_c0.58_clip_20-23min.jpg,,02088,0.58
crop_0823_f02089_c0.58_clip_20-23min.jpg,,02089,0.58
crop_0824_f02090_c0.59_clip_20-23min.jpg,,02090,0.59
crop_0825_f02091_c0.59_clip_20-23min.jpg,,02091,0.59
crop_0826_f02092_c0.57_clip_20-23min.jpg,,02092,0.57
crop_0827_f02093_c0.48_clip_20-23min.jpg,,02093,0.48
crop_0828_f02094_c0.43_clip_20-23min.jpg,,02094,0.43
crop_0829_f02095_c0.57_clip_20-23min.jpg,,02095,0.57
crop_0830_f02111_c0.41_clip_20-23min.jpg,,02111,0.41
crop_0831_f02112_c0.38_clip_20-23min.jpg,,02112,0.38
crop_0832_f02112_c0.37_clip_20-23min.jpg,,02112,0.37
crop_0833_f02113_c0.40_clip_20-23min.jpg,,02113,0.40
crop_0834_f02113_c0.38_clip_20-23min.jpg,,02113,0.38
crop_0835_f02114_c0.41_clip_20-23min.jpg,,02114,0.41
crop_0836_f02115_c0.42_clip_20-23min.jpg,,02115,0.42
crop_0837_f02116_c0.37_clip_20-23min.jpg,,02116,0.37
crop_0838_f02116_c0.35_clip_20-23min.jpg,,02116,0.35
crop_0839_f02117_c0.39_clip_20-23min.jpg,,02117,0.39
crop_0840_f02118_c0.43_clip_20-23min.jpg,,02118,0.43
crop_0841_f02119_c0.42_clip_20-23min.jpg,,02119,0.42
crop_0842_f02120_c0.46_clip_20-23min.jpg,,02120,0.46
crop_0843_f02121_c0.50_clip_20-23min.jpg,,02121,0.50
crop_0844_f02121_c0.47_clip_20-23min.jpg,,02121,0.47
crop_0845_f02122_c0.61_clip_20-23min.jpg,,02122,0.61
crop_0846_f02122_c0.44_clip_20-23min.jpg,,02122,0.44
crop_0847_f02122_c0.38_clip_20-23min.jpg,,02122,0.38
crop_0848_f02123_c0.63_clip_20-23min.jpg,,02123,0.63
crop_0849_f02123_c0.43_clip_20-23min.jpg,,02123,0.43
crop_0850_f02124_c0.52_clip_20-23min.jpg,,02124,0.52
crop_0851_f02124_c0.42_clip_20-23min.jpg,,02124,0.42
crop_0852_f02124_c0.40_clip_20-23min.jpg,,02124,0.40
crop_0853_f02125_c0.50_clip_20-23min.jpg,,02125,0.50
crop_0854_f02125_c0.47_clip_20-23min.jpg,,02125,0.47
crop_0855_f02126_c0.42_clip_20-23min.jpg,,02126,0.42
crop_0856_f02126_c0.36_clip_20-23min.jpg,,02126,0.36
crop_0857_f02127_c0.52_clip_20-23min.jpg,,02127,0.52
crop_0858_f02127_c0.46_clip_20-23min.jpg,,02127,0.46
crop_0859_f02128_c0.63_clip_20-23min.jpg,,02128,0.63
crop_0860_f02128_c0.48_clip_20-23min.jpg,,02128,0.48
crop_0861_f02128_c0.35_clip_20-23min.jpg,,02128,0.35
crop_0862_f02129_c0.61_clip_20-23min.jpg,,02129,0.61
crop_0863_f02129_c0.44_clip_20-23min.jpg,,02129,0.44
crop_0864_f02129_c0.39_clip_20-23min.jpg,,02129,0.39
crop_0865_f02129_c0.37_clip_20-23min.jpg,,02129,0.37
crop_0866_f02130_c0.64_clip_20-23min.jpg,,02130,0.64
crop_0867_f02130_c0.49_clip_20-23min.jpg,,02130,0.49
crop_0868_f02130_c0.48_clip_20-23min.jpg,,02130,0.48
crop_0869_f02131_c0.67_clip_20-23min.jpg,,02131,0.67
crop_0870_f02131_c0.50_clip_20-23min.jpg,,02131,0.50
crop_0871_f02131_c0.45_clip_20-23min.jpg,,02131,0.45
crop_0872_f02131_c0.37_clip_20-23min.jpg,,02131,0.37
crop_0873_f02132_c0.55_clip_20-23min.jpg,,02132,0.55
crop_0874_f02132_c0.55_clip_20-23min.jpg,,02132,0.55
crop_0875_f02132_c0.51_clip_20-23min.jpg,,02132,0.51
crop_0876_f02132_c0.42_clip_20-23min.jpg,,02132,0.42
crop_0877_f02133_c0.72_clip_20-23min.jpg,,02133,0.72
crop_0878_f02133_c0.58_clip_20-23min.jpg,,02133,0.58
crop_0879_f02134_c0.64_clip_20-23min.jpg,,02134,0.64
crop_0880_f02134_c0.58_clip_20-23min.jpg,,02134,0.58
crop_0881_f02134_c0.41_clip_20-23min.jpg,,02134,0.41
crop_0882_f02135_c0.56_clip_20-23min.jpg,,02135,0.56
crop_0883_f02135_c0.49_clip_20-23min.jpg,,02135,0.49
crop_0884_f02135_c0.37_clip_20-23min.jpg,,02135,0.37
crop_0885_f02136_c0.46_clip_20-23min.jpg,,02136,0.46
crop_0886_f02136_c0.46_clip_20-23min.jpg,,02136,0.46
crop_0887_f02136_c0.35_clip_20-23min.jpg,,02136,0.35
crop_0888_f02137_c0.57_clip_20-23min.jpg,,02137,0.57
crop_0889_f02137_c0.56_clip_20-23min.jpg,,02137,0.56
crop_0890_f02137_c0.53_clip_20-23min.jpg,,02137,0.53
crop_0891_f02138_c0.44_clip_20-23min.jpg,,02138,0.44
crop_0892_f02139_c0.50_clip_20-23min.jpg,,02139,0.50
crop_0893_f02139_c0.43_clip_20-23min.jpg,,02139,0.43
crop_0894_f02140_c0.56_clip_20-23min.jpg,,02140,0.56
crop_0895_f02140_c0.38_clip_20-23min.jpg,,02140,0.38
crop_0896_f02141_c0.36_clip_20-23min.jpg,,02141,0.36
crop_0897_f02142_c0.47_clip_20-23min.jpg,,02142,0.47
crop_0898_f02142_c0.45_clip_20-23min.jpg,,02142,0.45
crop_0899_f02143_c0.48_clip_20-23min.jpg,,02143,0.48
crop_0900_f02143_c0.35_clip_20-23min.jpg,,02143,0.35
crop_0901_f02144_c0.48_clip_20-23min.jpg,,02144,0.48
crop_0902_f02144_c0.47_clip_20-23min.jpg,,02144,0.47
crop_0903_f02145_c0.46_clip_20-23min.jpg,,02145,0.46
crop_0904_f02145_c0.45_clip_20-23min.jpg,,02145,0.45
crop_0905_f02146_c0.53_clip_20-23min.jpg,,02146,0.53
crop_0906_f02146_c0.45_clip_20-23min.jpg,,02146,0.45
crop_0907_f02147_c0.36_clip_20-23min.jpg,,02147,0.36
crop_0908_f02166_c0.43_clip_20-23min.jpg,,02166,0.43
crop_0909_f02166_c0.36_clip_20-23min.jpg,,02166,0.36
crop_0910_f02167_c0.43_clip_20-23min.jpg,,02167,0.43
crop_0911_f02167_c0.38_clip_20-23min.jpg,,02167,0.38
crop_0912_f02168_c0.41_clip_20-23min.jpg,,02168,0.41
crop_0913_f02168_c0.40_clip_20-23min.jpg,,02168,0.40
crop_0914_f02169_c0.41_clip_20-23min.jpg,,02169,0.41
crop_0915_f02170_c0.41_clip_20-23min.jpg,,02170,0.41
crop_0916_f02171_c0.43_clip_20-23min.jpg,,02171,0.43
crop_0917_f02172_c0.43_clip_20-23min.jpg,,02172,0.43
crop_0918_f02173_c0.46_clip_20-23min.jpg,,02173,0.46
crop_0919_f02174_c0.47_clip_20-23min.jpg,,02174,0.47
crop_0920_f02175_c0.46_clip_20-23min.jpg,,02175,0.46
crop_0921_f02176_c0.42_clip_20-23min.jpg,,02176,0.42
crop_0922_f02177_c0.39_clip_20-23min.jpg,,02177,0.39
crop_0923_f02177_c0.38_clip_20-23min.jpg,,02177,0.38
crop_0924_f02178_c0.35_clip_20-23min.jpg,,02178,0.35
crop_0925_f02181_c0.50_clip_20-23min.jpg,,02181,0.50
crop_0926_f02181_c0.47_clip_20-23min.jpg,,02181,0.47
crop_0927_f02182_c0.57_clip_20-23min.jpg,,02182,0.57
crop_0928_f02182_c0.43_clip_20-23min.jpg,,02182,0.43
crop_0929_f02183_c0.41_clip_20-23min.jpg,,02183,0.41
crop_0930_f02184_c0.49_clip_20-23min.jpg,,02184,0.49
crop_0931_f02184_c0.38_clip_20-23min.jpg,,02184,0.38
crop_0932_f02185_c0.41_clip_20-23min.jpg,,02185,0.41
crop_0933_f02185_c0.38_clip_20-23min.jpg,,02185,0.38
crop_0934_f02187_c0.52_clip_20-23min.jpg,,02187,0.52
crop_0935_f02188_c0.45_clip_20-23min.jpg,,02188,0.45
crop_0936_f02188_c0.41_clip_20-23min.jpg,,02188,0.41
crop_0937_f02188_c0.41_clip_20-23min.jpg,,02188,0.41
crop_0938_f02202_c0.35_clip_20-23min.jpg,,02202,0.35
crop_0939_f02203_c0.35_clip_20-23min.jpg,,02203,0.35
crop_0940_f02205_c0.37_clip_20-23min.jpg,,02205,0.37
crop_0941_f02206_c0.37_clip_20-23min.jpg,,02206,0.37
crop_0942_f02211_c0.36_clip_20-23min.jpg,,02211,0.36
crop_0943_f02212_c0.38_clip_20-23min.jpg,,02212,0.38
crop_0944_f02218_c0.35_clip_20-23min.jpg,,02218,0.35
crop_0945_f02219_c0.38_clip_20-23min.jpg,,02219,0.38
crop_0946_f02220_c0.38_clip_20-23min.jpg,,02220,0.38
crop_0947_f02222_c0.35_clip_20-23min.jpg,,02222,0.35
crop_0948_f02223_c0.40_clip_20-23min.jpg,,02223,0.40
crop_0949_f02224_c0.44_clip_20-23min.jpg,,02224,0.44
crop_0950_f02225_c0.41_clip_20-23min.jpg,,02225,0.41
crop_0951_f02225_c0.35_clip_20-23min.jpg,,02225,0.35
crop_0952_f02226_c0.39_clip_20-23min.jpg,,02226,0.39
crop_0953_f02226_c0.39_clip_20-23min.jpg,,02226,0.39
crop_0954_f02227_c0.40_clip_20-23min.jpg,,02227,0.40
crop_0955_f02228_c0.41_clip_20-23min.jpg,,02228,0.41
crop_0956_f02229_c0.42_clip_20-23min.jpg,,02229,0.42
crop_0957_f02230_c0.44_clip_20-23min.jpg,,02230,0.44
crop_0958_f02231_c0.44_clip_20-23min.jpg,,02231,0.44
crop_0959_f02232_c0.45_clip_20-23min.jpg,,02232,0.45
crop_0960_f02233_c0.45_clip_20-23min.jpg,,02233,0.45
crop_0961_f02234_c0.46_clip_20-23min.jpg,,02234,0.46
crop_0962_f02235_c0.46_clip_20-23min.jpg,,02235,0.46
crop_0963_f02236_c0.45_clip_20-23min.jpg,,02236,0.45
crop_0964_f02237_c0.44_clip_20-23min.jpg,,02237,0.44
crop_0965_f02238_c0.44_clip_20-23min.jpg,,02238,0.44
crop_0966_f02239_c0.46_clip_20-23min.jpg,,02239,0.46
crop_0967_f02240_c0.46_clip_20-23min.jpg,,02240,0.46
crop_0968_f02241_c0.47_clip_20-23min.jpg,,02241,0.47
crop_0969_f02242_c0.47_clip_20-23min.jpg,,02242,0.47
crop_0970_f02243_c0.45_clip_20-23min.jpg,,02243,0.45
crop_0971_f02244_c0.42_clip_20-23min.jpg,,02244,0.42
crop_0972_f02245_c0.37_clip_20-23min.jpg,,02245,0.37
crop_0973_f02248_c0.48_clip_20-23min.jpg,,02248,0.48
crop_0974_f02249_c0.44_clip_20-23min.jpg,,02249,0.44
crop_0975_f02254_c0.36_clip_20-23min.jpg,,02254,0.36
crop_0976_f02255_c0.44_clip_20-23min.jpg,,02255,0.44
crop_0977_f02256_c0.53_clip_20-23min.jpg,,02256,0.53
crop_0978_f02256_c0.37_clip_20-23min.jpg,,02256,0.37
crop_0979_f02257_c0.40_clip_20-23min.jpg,,02257,0.40
crop_0980_f02257_c0.39_clip_20-23min.jpg,,02257,0.39
crop_0981_f02257_c0.39_clip_20-23min.jpg,,02257,0.39
crop_0982_f02257_c0.39_clip_20-23min.jpg,,02257,0.39
crop_0983_f02258_c0.61_clip_20-23min.jpg,,02258,0.61
crop_0984_f02259_c0.37_clip_20-23min.jpg,,02259,0.37
crop_0985_f02260_c0.42_clip_20-23min.jpg,,02260,0.42
crop_0986_f02268_c0.37_clip_20-23min.jpg,,02268,0.37
crop_0987_f02269_c0.55_clip_20-23min.jpg,,02269,0.55
crop_0988_f02269_c0.51_clip_20-23min.jpg,,02269,0.51
crop_0989_f02270_c0.51_clip_20-23min.jpg,,02270,0.51
crop_0990_f02270_c0.51_clip_20-23min.jpg,,02270,0.51
crop_0991_f02271_c0.43_clip_20-23min.jpg,,02271,0.43
crop_0992_f02271_c0.37_clip_20-23min.jpg,,02271,0.37
crop_0993_f02273_c0.38_clip_20-23min.jpg,,02273,0.38
crop_0994_f02273_c0.35_clip_20-23min.jpg,,02273,0.35
crop_0995_f02274_c0.39_clip_20-23min.jpg,,02274,0.39
crop_0996_f02274_c0.39_clip_20-23min.jpg,,02274,0.39
crop_0997_f02275_c0.60_clip_20-23min.jpg,,02275,0.60
crop_0998_f02275_c0.50_clip_20-23min.jpg,,02275,0.50
crop_0999_f02276_c0.58_clip_20-23min.jpg,,02276,0.58
crop_1000_f02276_c0.53_clip_20-23min.jpg,,02276,0.53
crop_1001_f02277_c0.51_clip_20-23min.jpg,,02277,0.51
crop_1002_f02277_c0.37_clip_20-23min.jpg,,02277,0.37
crop_1003_f02277_c0.36_clip_20-23min.jpg,,02277,0.36
crop_1004_f02278_c0.45_clip_20-23min.jpg,,02278,0.45
crop_1005_f02278_c0.38_clip_20-23min.jpg,,02278,0.38
crop_1006_f02279_c0.43_clip_20-23min.jpg,,02279,0.43
crop_1007_f02279_c0.36_clip_20-23min.jpg,,02279,0.36
crop_1008_f02281_c0.42_clip_20-23min.jpg,,02281,0.42
crop_1009_f02282_c0.63_clip_20-23min.jpg,,02282,0.63
crop_1010_f02283_c0.61_clip_20-23min.jpg,,02283,0.61
crop_1011_f02284_c0.56_clip_20-23min.jpg,,02284,0.56
crop_1012_f02285_c0.55_clip_20-23min.jpg,,02285,0.55
crop_1013_f02285_c0.42_clip_20-23min.jpg,,02285,0.42
crop_1014_f02286_c0.44_clip_20-23min.jpg,,02286,0.44
crop_1015_f02286_c0.39_clip_20-23min.jpg,,02286,0.39
crop_1016_f02287_c0.44_clip_20-23min.jpg,,02287,0.44
crop_1017_f02287_c0.43_clip_20-23min.jpg,,02287,0.43
crop_1018_f02288_c0.56_clip_20-23min.jpg,,02288,0.56
crop_1019_f02288_c0.47_clip_20-23min.jpg,,02288,0.47
crop_1020_f02289_c0.59_clip_20-23min.jpg,,02289,0.59
crop_1021_f02289_c0.47_clip_20-23min.jpg,,02289,0.47
crop_1022_f02290_c0.54_clip_20-23min.jpg,,02290,0.54
crop_1023_f02290_c0.50_clip_20-23min.jpg,,02290,0.50
crop_1024_f02291_c0.54_clip_20-23min.jpg,,02291,0.54
crop_1025_f02291_c0.41_clip_20-23min.jpg,,02291,0.41
crop_1026_f02292_c0.59_clip_20-23min.jpg,,02292,0.59
crop_1027_f02292_c0.37_clip_20-23min.jpg,,02292,0.37
crop_1028_f02293_c0.46_clip_20-23min.jpg,,02293,0.46
crop_1029_f02293_c0.40_clip_20-23min.jpg,,02293,0.40
crop_1030_f02293_c0.36_clip_20-23min.jpg,,02293,0.36
crop_1031_f02294_c0.37_clip_20-23min.jpg,,02294,0.37
crop_1032_f02296_c0.40_clip_20-23min.jpg,,02296,0.40
crop_1033_f02297_c0.41_clip_20-23min.jpg,,02297,0.41
crop_1034_f02298_c0.39_clip_20-23min.jpg,,02298,0.39
crop_1035_f02299_c0.37_clip_20-23min.jpg,,02299,0.37
crop_1036_f02300_c0.49_clip_20-23min.jpg,,02300,0.49
crop_1037_f02302_c0.39_clip_20-23min.jpg,,02302,0.39
crop_1038_f02303_c0.53_clip_20-23min.jpg,,02303,0.53
crop_1039_f02303_c0.41_clip_20-23min.jpg,,02303,0.41
crop_1040_f02304_c0.47_clip_20-23min.jpg,,02304,0.47
crop_1041_f02304_c0.40_clip_20-23min.jpg,,02304,0.40
crop_1042_f02305_c0.51_clip_20-23min.jpg,,02305,0.51
crop_1043_f02305_c0.37_clip_20-23min.jpg,,02305,0.37
crop_1044_f02306_c0.40_clip_20-23min.jpg,,02306,0.40
crop_1045_f02312_c0.47_clip_20-23min.jpg,,02312,0.47
crop_1046_f02314_c0.42_clip_20-23min.jpg,,02314,0.42
crop_1047_f02318_c0.49_clip_20-23min.jpg,,02318,0.49
crop_1048_f02319_c0.35_clip_20-23min.jpg,,02319,0.35
crop_1049_f02320_c0.59_clip_20-23min.jpg,,02320,0.59
crop_1050_f02321_c0.65_clip_20-23min.jpg,,02321,0.65
crop_1051_f02321_c0.37_clip_20-23min.jpg,,02321,0.37
crop_1052_f02321_c0.36_clip_20-23min.jpg,,02321,0.36
crop_1053_f02322_c0.62_clip_20-23min.jpg,,02322,0.62
crop_1054_f02323_c0.65_clip_20-23min.jpg,,02323,0.65
crop_1055_f02323_c0.46_clip_20-23min.jpg,,02323,0.46
crop_1056_f02324_c0.62_clip_20-23min.jpg,,02324,0.62
crop_1057_f02324_c0.46_clip_20-23min.jpg,,02324,0.46
crop_1058_f02325_c0.61_clip_20-23min.jpg,,02325,0.61
crop_1059_f02325_c0.41_clip_20-23min.jpg,,02325,0.41
crop_1060_f02326_c0.61_clip_20-23min.jpg,,02326,0.61
crop_1061_f02326_c0.35_clip_20-23min.jpg,,02326,0.35
crop_1062_f02327_c0.54_clip_20-23min.jpg,,02327,0.54
crop_1063_f02327_c0.53_clip_20-23min.jpg,,02327,0.53
crop_1064_f02327_c0.37_clip_20-23min.jpg,,02327,0.37
crop_1065_f02328_c0.70_clip_20-23min.jpg,,02328,0.70
crop_1066_f02329_c0.50_clip_20-23min.jpg,,02329,0.50
crop_1067_f02330_c0.65_clip_20-23min.jpg,,02330,0.65
crop_1068_f02331_c0.55_clip_20-23min.jpg,,02331,0.55
crop_1069_f02332_c0.65_clip_20-23min.jpg,,02332,0.65
crop_1070_f02333_c0.69_clip_20-23min.jpg,,02333,0.69
crop_1071_f02334_c0.58_clip_20-23min.jpg,,02334,0.58
crop_1072_f02335_c0.48_clip_20-23min.jpg,,02335,0.48
crop_1073_f02336_c0.51_clip_20-23min.jpg,,02336,0.51
crop_1074_f02337_c0.50_clip_20-23min.jpg,,02337,0.50
crop_1075_f02337_c0.38_clip_20-23min.jpg,,02337,0.38
crop_1076_f02338_c0.41_clip_20-23min.jpg,,02338,0.41
crop_1077_f02339_c0.52_clip_20-23min.jpg,,02339,0.52
crop_1078_f02339_c0.36_clip_20-23min.jpg,,02339,0.36
crop_1079_f02343_c0.58_clip_20-23min.jpg,,02343,0.58
crop_1080_f02344_c0.37_clip_20-23min.jpg,,02344,0.37
crop_1081_f02345_c0.48_clip_20-23min.jpg,,02345,0.48
crop_1082_f02346_c0.49_clip_20-23min.jpg,,02346,0.49
crop_1083_f02347_c0.43_clip_20-23min.jpg,,02347,0.43
crop_1084_f02348_c0.58_clip_20-23min.jpg,,02348,0.58
crop_1085_f02349_c0.48_clip_20-23min.jpg,,02349,0.48
crop_1086_f02354_c0.42_clip_20-23min.jpg,,02354,0.42
crop_1087_f02357_c0.41_clip_20-23min.jpg,,02357,0.41
crop_1088_f02358_c0.37_clip_20-23min.jpg,,02358,0.37
crop_1089_f02360_c0.47_clip_20-23min.jpg,,02360,0.47
crop_1090_f02360_c0.38_clip_20-23min.jpg,,02360,0.38
crop_1091_f02361_c0.48_clip_20-23min.jpg,,02361,0.48
crop_1092_f02361_c0.36_clip_20-23min.jpg,,02361,0.36
crop_1093_f02362_c0.56_clip_20-23min.jpg,,02362,0.56
crop_1094_f02362_c0.56_clip_20-23min.jpg,,02362,0.56
crop_1095_f02363_c0.51_clip_20-23min.jpg,,02363,0.51
crop_1096_f02363_c0.45_clip_20-23min.jpg,,02363,0.45
crop_1097_f02364_c0.61_clip_20-23min.jpg,,02364,0.61
crop_1098_f02365_c0.48_clip_20-23min.jpg,,02365,0.48
crop_1099_f02365_c0.48_clip_20-23min.jpg,,02365,0.48
crop_1100_f02365_c0.38_clip_20-23min.jpg,,02365,0.38
crop_1101_f02366_c0.59_clip_20-23min.jpg,,02366,0.59
crop_1102_f02366_c0.58_clip_20-23min.jpg,,02366,0.58
crop_1103_f02366_c0.55_clip_20-23min.jpg,,02366,0.55
crop_1104_f02366_c0.40_clip_20-23min.jpg,,02366,0.40
crop_1105_f02367_c0.72_clip_20-23min.jpg,,02367,0.72
crop_1106_f02367_c0.43_clip_20-23min.jpg,,02367,0.43
crop_1107_f02367_c0.40_clip_20-23min.jpg,,02367,0.40
crop_1108_f02368_c0.63_clip_20-23min.jpg,,02368,0.63
crop_1109_f02368_c0.41_clip_20-23min.jpg,,02368,0.41
crop_1110_f02368_c0.36_clip_20-23min.jpg,,02368,0.36
crop_1111_f02369_c0.67_clip_20-23min.jpg,,02369,0.67
crop_1112_f02369_c0.46_clip_20-23min.jpg,,02369,0.46
crop_1113_f02369_c0.44_clip_20-23min.jpg,,02369,0.44
crop_1114_f02369_c0.44_clip_20-23min.jpg,,02369,0.44
crop_1115_f02369_c0.35_clip_20-23min.jpg,,02369,0.35
crop_1116_f02370_c0.57_clip_20-23min.jpg,,02370,0.57
crop_1117_f02370_c0.51_clip_20-23min.jpg,,02370,0.51
crop_1118_f02370_c0.45_clip_20-23min.jpg,,02370,0.45
crop_1119_f02370_c0.36_clip_20-23min.jpg,,02370,0.36
crop_1120_f02371_c0.39_clip_20-23min.jpg,,02371,0.39
crop_1121_f02371_c0.38_clip_20-23min.jpg,,02371,0.38
crop_1122_f02372_c0.57_clip_20-23min.jpg,,02372,0.57
crop_1123_f02372_c0.48_clip_20-23min.jpg,,02372,0.48
crop_1124_f02372_c0.35_clip_20-23min.jpg,,02372,0.35
crop_1125_f02373_c0.56_clip_20-23min.jpg,,02373,0.56
crop_1126_f02373_c0.54_clip_20-23min.jpg,,02373,0.54
crop_1127_f02373_c0.45_clip_20-23min.jpg,,02373,0.45
crop_1128_f02373_c0.38_clip_20-23min.jpg,,02373,0.38
crop_1129_f02374_c0.54_clip_20-23min.jpg,,02374,0.54
crop_1130_f02374_c0.42_clip_20-23min.jpg,,02374,0.42
crop_1131_f02374_c0.36_clip_20-23min.jpg,,02374,0.36
crop_1132_f02375_c0.48_clip_20-23min.jpg,,02375,0.48
crop_1133_f02375_c0.36_clip_20-23min.jpg,,02375,0.36
crop_1134_f02376_c0.53_clip_20-23min.jpg,,02376,0.53
crop_1135_f02376_c0.38_clip_20-23min.jpg,,02376,0.38
crop_1136_f02376_c0.35_clip_20-23min.jpg,,02376,0.35
crop_1137_f02377_c0.51_clip_20-23min.jpg,,02377,0.51
crop_1138_f02377_c0.50_clip_20-23min.jpg,,02377,0.50
crop_1139_f02377_c0.40_clip_20-23min.jpg,,02377,0.40
crop_1140_f02378_c0.67_clip_20-23min.jpg,,02378,0.67
crop_1141_f02378_c0.60_clip_20-23min.jpg,,02378,0.60
crop_1142_f02378_c0.39_clip_20-23min.jpg,,02378,0.39
crop_1143_f02378_c0.36_clip_20-23min.jpg,,02378,0.36
crop_1144_f02379_c0.60_clip_20-23min.jpg,,02379,0.60
crop_1145_f02379_c0.41_clip_20-23min.jpg,,02379,0.41
crop_1146_f02379_c0.41_clip_20-23min.jpg,,02379,0.41
crop_1147_f02380_c0.62_clip_20-23min.jpg,,02380,0.62
crop_1148_f02380_c0.59_clip_20-23min.jpg,,02380,0.59
crop_1149_f02380_c0.49_clip_20-23min.jpg,,02380,0.49
crop_1150_f02381_c0.60_clip_20-23min.jpg,,02381,0.60
crop_1151_f02381_c0.37_clip_20-23min.jpg,,02381,0.37
crop_1152_f02381_c0.36_clip_20-23min.jpg,,02381,0.36
crop_1153_f02382_c0.61_clip_20-23min.jpg,,02382,0.61
crop_1154_f02382_c0.36_clip_20-23min.jpg,,02382,0.36
crop_1155_f02384_c0.48_clip_20-23min.jpg,,02384,0.48
crop_1156_f02385_c0.48_clip_20-23min.jpg,,02385,0.48
crop_1157_f02385_c0.38_clip_20-23min.jpg,,02385,0.38
crop_1158_f02386_c0.37_clip_20-23min.jpg,,02386,0.37
crop_1159_f02387_c0.41_clip_20-23min.jpg,,02387,0.41
crop_1160_f02388_c0.40_clip_20-23min.jpg,,02388,0.40
crop_1161_f02388_c0.36_clip_20-23min.jpg,,02388,0.36
crop_1162_f02389_c0.51_clip_20-23min.jpg,,02389,0.51
crop_1163_f02391_c0.39_clip_20-23min.jpg,,02391,0.39
crop_1164_f02392_c0.49_clip_20-23min.jpg,,02392,0.49
crop_1165_f02394_c0.38_clip_20-23min.jpg,,02394,0.38
crop_1166_f02395_c0.39_clip_20-23min.jpg,,02395,0.39
crop_1167_f02396_c0.57_clip_20-23min.jpg,,02396,0.57
crop_1168_f02396_c0.37_clip_20-23min.jpg,,02396,0.37
crop_1169_f02397_c0.44_clip_20-23min.jpg,,02397,0.44
crop_1170_f02398_c0.36_clip_20-23min.jpg,,02398,0.36
crop_1171_f02399_c0.49_clip_20-23min.jpg,,02399,0.49
crop_1172_f02399_c0.38_clip_20-23min.jpg,,02399,0.38
crop_1173_f02401_c0.57_clip_20-23min.jpg,,02401,0.57
crop_1174_f02401_c0.43_clip_20-23min.jpg,,02401,0.43
crop_1175_f02401_c0.36_clip_20-23min.jpg,,02401,0.36
crop_1176_f02402_c0.45_clip_20-23min.jpg,,02402,0.45
crop_1177_f02403_c0.41_clip_20-23min.jpg,,02403,0.41
crop_1178_f02403_c0.35_clip_20-23min.jpg,,02403,0.35
crop_1179_f02404_c0.58_clip_20-23min.jpg,,02404,0.58
crop_1180_f02405_c0.53_clip_20-23min.jpg,,02405,0.53
crop_1181_f02406_c0.62_clip_20-23min.jpg,,02406,0.62
crop_1182_f02406_c0.48_clip_20-23min.jpg,,02406,0.48
crop_1183_f02408_c0.69_clip_20-23min.jpg,,02408,0.69
crop_1184_f02409_c0.41_clip_20-23min.jpg,,02409,0.41
crop_1185_f02409_c0.39_clip_20-23min.jpg,,02409,0.39
crop_1186_f02409_c0.37_clip_20-23min.jpg,,02409,0.37
crop_1187_f02411_c0.54_clip_20-23min.jpg,,02411,0.54
crop_1188_f02411_c0.36_clip_20-23min.jpg,,02411,0.36
crop_1189_f02412_c0.61_clip_20-23min.jpg,,02412,0.61
crop_1190_f02412_c0.43_clip_20-23min.jpg,,02412,0.43
crop_1191_f02413_c0.40_clip_20-23min.jpg,,02413,0.40
crop_1192_f02414_c0.55_clip_20-23min.jpg,,02414,0.55
crop_1193_f02414_c0.37_clip_20-23min.jpg,,02414,0.37
crop_1194_f02417_c0.39_clip_20-23min.jpg,,02417,0.39
crop_1195_f02417_c0.38_clip_20-23min.jpg,,02417,0.38
crop_1196_f02418_c0.59_clip_20-23min.jpg,,02418,0.59
crop_1197_f02418_c0.52_clip_20-23min.jpg,,02418,0.52
crop_1198_f02419_c0.37_clip_20-23min.jpg,,02419,0.37
crop_1199_f02420_c0.38_clip_20-23min.jpg,,02420,0.38
crop_1200_f02421_c0.35_clip_20-23min.jpg,,02421,0.35
crop_1201_f02422_c0.75_clip_20-23min.jpg,,02422,0.75
crop_1202_f02423_c0.48_clip_20-23min.jpg,,02423,0.48
crop_1203_f02423_c0.46_clip_20-23min.jpg,,02423,0.46
crop_1204_f02424_c0.68_clip_20-23min.jpg,,02424,0.68
crop_1205_f02425_c0.57_clip_20-23min.jpg,,02425,0.57
crop_1206_f02425_c0.39_clip_20-23min.jpg,,02425,0.39
crop_1207_f02426_c0.51_clip_20-23min.jpg,,02426,0.51
crop_1208_f02426_c0.50_clip_20-23min.jpg,,02426,0.50
crop_1209_f02426_c0.36_clip_20-23min.jpg,,02426,0.36
crop_1210_f02428_c0.44_clip_20-23min.jpg,,02428,0.44
crop_1211_f02429_c0.58_clip_20-23min.jpg,,02429,0.58
crop_1212_f02431_c0.41_clip_20-23min.jpg,,02431,0.41
crop_1213_f02434_c0.47_clip_20-23min.jpg,,02434,0.47
crop_1214_f02434_c0.35_clip_20-23min.jpg,,02434,0.35
crop_1215_f02435_c0.61_clip_20-23min.jpg,,02435,0.61
crop_1216_f02435_c0.51_clip_20-23min.jpg,,02435,0.51
crop_1217_f02436_c0.68_clip_20-23min.jpg,,02436,0.68
crop_1218_f02436_c0.52_clip_20-23min.jpg,,02436,0.52
crop_1219_f02437_c0.66_clip_20-23min.jpg,,02437,0.66
crop_1220_f02437_c0.57_clip_20-23min.jpg,,02437,0.57
crop_1221_f02438_c0.68_clip_20-23min.jpg,,02438,0.68
crop_1222_f02438_c0.54_clip_20-23min.jpg,,02438,0.54
crop_1223_f02438_c0.45_clip_20-23min.jpg,,02438,0.45
crop_1224_f02438_c0.41_clip_20-23min.jpg,,02438,0.41
crop_1225_f02439_c0.35_clip_20-23min.jpg,,02439,0.35
crop_1226_f02440_c0.42_clip_20-23min.jpg,,02440,0.42
crop_1227_f02440_c0.41_clip_20-23min.jpg,,02440,0.41
crop_1228_f02441_c0.44_clip_20-23min.jpg,,02441,0.44
crop_1229_f02442_c0.37_clip_20-23min.jpg,,02442,0.37
crop_1230_f02442_c0.37_clip_20-23min.jpg,,02442,0.37
crop_1231_f02443_c0.56_clip_20-23min.jpg,,02443,0.56
crop_1232_f02443_c0.52_clip_20-23min.jpg,,02443,0.52
crop_1233_f02452_c0.38_clip_20-23min.jpg,,02452,0.38
crop_1234_f02452_c0.36_clip_20-23min.jpg,,02452,0.36
crop_1235_f02453_c0.41_clip_20-23min.jpg,,02453,0.41
crop_1236_f02455_c0.46_clip_20-23min.jpg,,02455,0.46
crop_1237_f02456_c0.53_clip_20-23min.jpg,,02456,0.53
crop_1238_f02457_c0.53_clip_20-23min.jpg,,02457,0.53
crop_1239_f02458_c0.63_clip_20-23min.jpg,,02458,0.63
crop_1240_f02459_c0.57_clip_20-23min.jpg,,02459,0.57
crop_1241_f02460_c0.49_clip_20-23min.jpg,,02460,0.49
crop_1242_f02461_c0.54_clip_20-23min.jpg,,02461,0.54
crop_1243_f02461_c0.46_clip_20-23min.jpg,,02461,0.46
crop_1244_f02462_c0.47_clip_20-23min.jpg,,02462,0.47
crop_1245_f02463_c0.51_clip_20-23min.jpg,,02463,0.51
crop_1246_f02464_c0.43_clip_20-23min.jpg,,02464,0.43
crop_1247_f02465_c0.47_clip_20-23min.jpg,,02465,0.47
crop_1248_f02467_c0.44_clip_20-23min.jpg,,02467,0.44
crop_1249_f02474_c0.45_clip_20-23min.jpg,,02474,0.45
crop_1250_f02485_c0.37_clip_20-23min.jpg,,02485,0.37
crop_1251_f02486_c0.37_clip_20-23min.jpg,,02486,0.37
crop_1252_f02487_c0.44_clip_20-23min.jpg,,02487,0.44
crop_1253_f02488_c0.53_clip_20-23min.jpg,,02488,0.53
crop_1254_f02488_c0.43_clip_20-23min.jpg,,02488,0.43
crop_1255_f02489_c0.50_clip_20-23min.jpg,,02489,0.50
crop_1256_f02490_c0.35_clip_20-23min.jpg,,02490,0.35
crop_1257_f02493_c0.39_clip_20-23min.jpg,,02493,0.39
crop_1258_f02494_c0.39_clip_20-23min.jpg,,02494,0.39
crop_1259_f02505_c0.39_clip_20-23min.jpg,,02505,0.39
crop_1260_f02506_c0.42_clip_20-23min.jpg,,02506,0.42
crop_1261_f02508_c0.37_clip_20-23min.jpg,,02508,0.37
crop_1262_f02510_c0.59_clip_20-23min.jpg,,02510,0.59
crop_1263_f02514_c0.46_clip_20-23min.jpg,,02514,0.46
crop_1264_f02515_c0.39_clip_20-23min.jpg,,02515,0.39
crop_1265_f02516_c0.45_clip_20-23min.jpg,,02516,0.45
crop_1266_f02517_c0.42_clip_20-23min.jpg,,02517,0.42
crop_1267_f02520_c0.47_clip_20-23min.jpg,,02520,0.47
crop_1268_f02520_c0.43_clip_20-23min.jpg,,02520,0.43
crop_1269_f02523_c0.42_clip_20-23min.jpg,,02523,0.42
crop_1270_f02526_c0.41_clip_20-23min.jpg,,02526,0.41
crop_1271_f02527_c0.43_clip_20-23min.jpg,,02527,0.43
crop_1272_f02529_c0.44_clip_20-23min.jpg,,02529,0.44
crop_1273_f02530_c0.67_clip_20-23min.jpg,,02530,0.67
crop_1274_f02532_c0.46_clip_20-23min.jpg,,02532,0.46
crop_1275_f02533_c0.48_clip_20-23min.jpg,,02533,0.48
crop_1276_f02534_c0.36_clip_20-23min.jpg,,02534,0.36
crop_1277_f02537_c0.38_clip_20-23min.jpg,,02537,0.38
crop_1278_f02538_c0.51_clip_20-23min.jpg,,02538,0.51
crop_1279_f02538_c0.36_clip_20-23min.jpg,,02538,0.36
crop_1280_f02539_c0.42_clip_20-23min.jpg,,02539,0.42
crop_1281_f02540_c0.74_clip_20-23min.jpg,,02540,0.74
crop_1282_f02540_c0.55_clip_20-23min.jpg,,02540,0.55
crop_1283_f02541_c0.61_clip_20-23min.jpg,,02541,0.61
crop_1284_f02541_c0.38_clip_20-23min.jpg,,02541,0.38
crop_1285_f02541_c0.37_clip_20-23min.jpg,,02541,0.37
crop_1286_f02542_c0.53_clip_20-23min.jpg,,02542,0.53
crop_1287_f02542_c0.41_clip_20-23min.jpg,,02542,0.41
crop_1288_f02542_c0.38_clip_20-23min.jpg,,02542,0.38
crop_1289_f02545_c0.42_clip_20-23min.jpg,,02545,0.42
crop_1290_f02546_c0.53_clip_20-23min.jpg,,02546,0.53
crop_1291_f02547_c0.37_clip_20-23min.jpg,,02547,0.37
crop_1292_f02551_c0.37_clip_20-23min.jpg,,02551,0.37
crop_1293_f02553_c0.36_clip_20-23min.jpg,,02553,0.36
crop_1294_f02556_c0.39_clip_20-23min.jpg,,02556,0.39
crop_1295_f02557_c0.63_clip_20-23min.jpg,,02557,0.63
crop_1296_f02558_c0.67_clip_20-23min.jpg,,02558,0.67
crop_1297_f02559_c0.73_clip_20-23min.jpg,,02559,0.73
crop_1298_f02560_c0.67_clip_20-23min.jpg,,02560,0.67
crop_1299_f02561_c0.64_clip_20-23min.jpg,,02561,0.64
crop_1300_f02562_c0.65_clip_20-23min.jpg,,02562,0.65
crop_1301_f02563_c0.60_clip_20-23min.jpg,,02563,0.60
crop_1302_f02564_c0.42_clip_20-23min.jpg,,02564,0.42
crop_1303_f02566_c0.50_clip_20-23min.jpg,,02566,0.50
crop_1304_f02566_c0.39_clip_20-23min.jpg,,02566,0.39
crop_1305_f02567_c0.55_clip_20-23min.jpg,,02567,0.55
crop_1306_f02568_c0.52_clip_20-23min.jpg,,02568,0.52
crop_1307_f02569_c0.55_clip_20-23min.jpg,,02569,0.55
crop_1308_f02570_c0.47_clip_20-23min.jpg,,02570,0.47
crop_1309_f02571_c0.63_clip_20-23min.jpg,,02571,0.63
crop_1310_f02572_c0.62_clip_20-23min.jpg,,02572,0.62
crop_1311_f02573_c0.49_clip_20-23min.jpg,,02573,0.49
crop_1312_f02574_c0.35_clip_20-23min.jpg,,02574,0.35
crop_1313_f02575_c0.42_clip_20-23min.jpg,,02575,0.42
crop_1314_f02576_c0.51_clip_20-23min.jpg,,02576,0.51
crop_1315_f02576_c0.44_clip_20-23min.jpg,,02576,0.44
crop_1316_f02577_c0.41_clip_20-23min.jpg,,02577,0.41
crop_1317_f02580_c0.55_clip_20-23min.jpg,,02580,0.55
crop_1318_f02581_c0.46_clip_20-23min.jpg,,02581,0.46
crop_1319_f02584_c0.36_clip_20-23min.jpg,,02584,0.36
crop_1320_f02588_c0.47_clip_20-23min.jpg,,02588,0.47
crop_1321_f02589_c0.55_clip_20-23min.jpg,,02589,0.55
crop_1322_f02590_c0.48_clip_20-23min.jpg,,02590,0.48
crop_1323_f02590_c0.47_clip_20-23min.jpg,,02590,0.47
crop_1324_f02591_c0.51_clip_20-23min.jpg,,02591,0.51
crop_1325_f02591_c0.42_clip_20-23min.jpg,,02591,0.42
crop_1326_f02592_c0.50_clip_20-23min.jpg,,02592,0.50
crop_1327_f02593_c0.44_clip_20-23min.jpg,,02593,0.44
crop_1328_f02593_c0.44_clip_20-23min.jpg,,02593,0.44
crop_1329_f02594_c0.54_clip_20-23min.jpg,,02594,0.54
crop_1330_f02594_c0.52_clip_20-23min.jpg,,02594,0.52
crop_1331_f02594_c0.46_clip_20-23min.jpg,,02594,0.46
crop_1332_f02595_c0.41_clip_20-23min.jpg,,02595,0.41
crop_1333_f02596_c0.42_clip_20-23min.jpg,,02596,0.42
crop_1334_f02596_c0.42_clip_20-23min.jpg,,02596,0.42
crop_1335_f02596_c0.37_clip_20-23min.jpg,,02596,0.37
crop_1336_f02597_c0.63_clip_20-23min.jpg,,02597,0.63
crop_1337_f02597_c0.50_clip_20-23min.jpg,,02597,0.50
crop_1338_f02597_c0.42_clip_20-23min.jpg,,02597,0.42
crop_1339_f02597_c0.37_clip_20-23min.jpg,,02597,0.37
crop_1340_f02598_c0.71_clip_20-23min.jpg,,02598,0.71
crop_1341_f02598_c0.68_clip_20-23min.jpg,,02598,0.68
crop_1342_f02598_c0.48_clip_20-23min.jpg,,02598,0.48
crop_1343_f02598_c0.42_clip_20-23min.jpg,,02598,0.42
crop_1344_f02599_c0.55_clip_20-23min.jpg,,02599,0.55
crop_1345_f02599_c0.52_clip_20-23min.jpg,,02599,0.52
crop_1346_f02599_c0.48_clip_20-23min.jpg,,02599,0.48
crop_1347_f02599_c0.36_clip_20-23min.jpg,,02599,0.36
crop_1348_f02600_c0.64_clip_20-23min.jpg,,02600,0.64
crop_1349_f02600_c0.45_clip_20-23min.jpg,,02600,0.45
crop_1350_f02600_c0.42_clip_20-23min.jpg,,02600,0.42
crop_1351_f02600_c0.40_clip_20-23min.jpg,,02600,0.40
crop_1352_f02600_c0.40_clip_20-23min.jpg,,02600,0.40
crop_1353_f02601_c0.48_clip_20-23min.jpg,,02601,0.48
crop_1354_f02601_c0.39_clip_20-23min.jpg,,02601,0.39
crop_1355_f02602_c0.65_clip_20-23min.jpg,,02602,0.65
crop_1356_f02602_c0.46_clip_20-23min.jpg,,02602,0.46
crop_1357_f02602_c0.35_clip_20-23min.jpg,,02602,0.35
crop_1358_f02603_c0.64_clip_20-23min.jpg,,02603,0.64
crop_1359_f02603_c0.56_clip_20-23min.jpg,,02603,0.56
crop_1360_f02603_c0.38_clip_20-23min.jpg,,02603,0.38
crop_1361_f02604_c0.60_clip_20-23min.jpg,,02604,0.60
crop_1362_f02605_c0.44_clip_20-23min.jpg,,02605,0.44
crop_1363_f02606_c0.71_clip_20-23min.jpg,,02606,0.71
crop_1364_f02606_c0.42_clip_20-23min.jpg,,02606,0.42
crop_1365_f02607_c0.73_clip_20-23min.jpg,,02607,0.73
crop_1366_f02607_c0.41_clip_20-23min.jpg,,02607,0.41
crop_1367_f02608_c0.67_clip_20-23min.jpg,,02608,0.67
crop_1368_f02608_c0.46_clip_20-23min.jpg,,02608,0.46
crop_1369_f02608_c0.37_clip_20-23min.jpg,,02608,0.37
crop_1370_f02609_c0.69_clip_20-23min.jpg,,02609,0.69
crop_1371_f02609_c0.60_clip_20-23min.jpg,,02609,0.60
crop_1372_f02609_c0.42_clip_20-23min.jpg,,02609,0.42
crop_1373_f02610_c0.79_clip_20-23min.jpg,,02610,0.79
crop_1374_f02610_c0.63_clip_20-23min.jpg,,02610,0.63
crop_1375_f02610_c0.51_clip_20-23min.jpg,,02610,0.51
crop_1376_f02611_c0.72_clip_20-23min.jpg,,02611,0.72
crop_1377_f02611_c0.55_clip_20-23min.jpg,,02611,0.55
crop_1378_f02612_c0.69_clip_20-23min.jpg,,02612,0.69
crop_1379_f02612_c0.66_clip_20-23min.jpg,,02612,0.66
crop_1380_f02612_c0.38_clip_20-23min.jpg,,02612,0.38
crop_1381_f02613_c0.66_clip_20-23min.jpg,,02613,0.66
crop_1382_f02613_c0.44_clip_20-23min.jpg,,02613,0.44
crop_1383_f02613_c0.35_clip_20-23min.jpg,,02613,0.35
crop_1384_f02614_c0.53_clip_20-23min.jpg,,02614,0.53
crop_1385_f02614_c0.41_clip_20-23min.jpg,,02614,0.41
crop_1386_f02614_c0.39_clip_20-23min.jpg,,02614,0.39
crop_1387_f02615_c0.52_clip_20-23min.jpg,,02615,0.52
crop_1388_f02615_c0.37_clip_20-23min.jpg,,02615,0.37
crop_1389_f02616_c0.48_clip_20-23min.jpg,,02616,0.48
crop_1390_f02617_c0.51_clip_20-23min.jpg,,02617,0.51
crop_1391_f02617_c0.38_clip_20-23min.jpg,,02617,0.38
crop_1392_f02618_c0.65_clip_20-23min.jpg,,02618,0.65
crop_1393_f02618_c0.45_clip_20-23min.jpg,,02618,0.45
crop_1394_f02618_c0.38_clip_20-23min.jpg,,02618,0.38
crop_1395_f02619_c0.57_clip_20-23min.jpg,,02619,0.57
crop_1396_f02619_c0.35_clip_20-23min.jpg,,02619,0.35
crop_1397_f02620_c0.73_clip_20-23min.jpg,,02620,0.73
crop_1398_f02620_c0.35_clip_20-23min.jpg,,02620,0.35
crop_1399_f02621_c0.72_clip_20-23min.jpg,,02621,0.72
crop_1400_f02621_c0.47_clip_20-23min.jpg,,02621,0.47
crop_1401_f02622_c0.56_clip_20-23min.jpg,,02622,0.56
crop_1402_f02622_c0.43_clip_20-23min.jpg,,02622,0.43
crop_1403_f02623_c0.60_clip_20-23min.jpg,,02623,0.60
crop_1404_f02623_c0.40_clip_20-23min.jpg,,02623,0.40
crop_1405_f02623_c0.36_clip_20-23min.jpg,,02623,0.36
crop_1406_f02624_c0.72_clip_20-23min.jpg,,02624,0.72
crop_1407_f02624_c0.64_clip_20-23min.jpg,,02624,0.64
crop_1408_f02624_c0.42_clip_20-23min.jpg,,02624,0.42
crop_1409_f02625_c0.52_clip_20-23min.jpg,,02625,0.52
crop_1410_f02625_c0.46_clip_20-23min.jpg,,02625,0.46
crop_1411_f02626_c0.62_clip_20-23min.jpg,,02626,0.62
crop_1412_f02626_c0.58_clip_20-23min.jpg,,02626,0.58
crop_1413_f02626_c0.36_clip_20-23min.jpg,,02626,0.36
crop_1414_f02627_c0.69_clip_20-23min.jpg,,02627,0.69
crop_1415_f02627_c0.52_clip_20-23min.jpg,,02627,0.52
crop_1416_f02628_c0.48_clip_20-23min.jpg,,02628,0.48
crop_1417_f02629_c0.43_clip_20-23min.jpg,,02629,0.43
crop_1418_f02629_c0.39_clip_20-23min.jpg,,02629,0.39
crop_1419_f02630_c0.59_clip_20-23min.jpg,,02630,0.59
crop_1420_f02631_c0.43_clip_20-23min.jpg,,02631,0.43
crop_1421_f02631_c0.38_clip_20-23min.jpg,,02631,0.38
crop_1422_f02633_c0.63_clip_20-23min.jpg,,02633,0.63
crop_1423_f02634_c0.43_clip_20-23min.jpg,,02634,0.43
crop_1424_f02634_c0.38_clip_20-23min.jpg,,02634,0.38
crop_1425_f02635_c0.48_clip_20-23min.jpg,,02635,0.48
crop_1426_f02636_c0.56_clip_20-23min.jpg,,02636,0.56
crop_1427_f02637_c0.42_clip_20-23min.jpg,,02637,0.42
crop_1428_f02637_c0.36_clip_20-23min.jpg,,02637,0.36
crop_1429_f02638_c0.66_clip_20-23min.jpg,,02638,0.66
crop_1430_f02639_c0.42_clip_20-23min.jpg,,02639,0.42
crop_1431_f02640_c0.42_clip_20-23min.jpg,,02640,0.42
crop_1432_f02640_c0.38_clip_20-23min.jpg,,02640,0.38
crop_1433_f02640_c0.35_clip_20-23min.jpg,,02640,0.35
crop_1434_f02642_c0.38_clip_20-23min.jpg,,02642,0.38
crop_1435_f02643_c0.40_clip_20-23min.jpg,,02643,0.40
crop_1436_f02644_c0.47_clip_20-23min.jpg,,02644,0.47
crop_1437_f02645_c0.50_clip_20-23min.jpg,,02645,0.50
crop_1438_f02645_c0.48_clip_20-23min.jpg,,02645,0.48
crop_1439_f02645_c0.42_clip_20-23min.jpg,,02645,0.42
crop_1440_f02646_c0.63_clip_20-23min.jpg,,02646,0.63
crop_1441_f02646_c0.57_clip_20-23min.jpg,,02646,0.57
crop_1442_f02646_c0.54_clip_20-23min.jpg,,02646,0.54
crop_1443_f02646_c0.44_clip_20-23min.jpg,,02646,0.44
crop_1444_f02647_c0.59_clip_20-23min.jpg,,02647,0.59
crop_1445_f02647_c0.42_clip_20-23min.jpg,,02647,0.42
crop_1446_f02648_c0.54_clip_20-23min.jpg,,02648,0.54
crop_1447_f02648_c0.42_clip_20-23min.jpg,,02648,0.42
crop_1448_f02649_c0.40_clip_20-23min.jpg,,02649,0.40
crop_1449_f02650_c0.52_clip_20-23min.jpg,,02650,0.52
crop_1450_f02651_c0.40_clip_20-23min.jpg,,02651,0.40
crop_1451_f02652_c0.52_clip_20-23min.jpg,,02652,0.52
crop_1452_f02652_c0.38_clip_20-23min.jpg,,02652,0.38
crop_1453_f02655_c0.50_clip_20-23min.jpg,,02655,0.50
crop_1454_f02657_c0.41_clip_20-23min.jpg,,02657,0.41
crop_1455_f02658_c0.55_clip_20-23min.jpg,,02658,0.55
crop_1456_f02662_c0.39_clip_20-23min.jpg,,02662,0.39
crop_1457_f02671_c0.38_clip_20-23min.jpg,,02671,0.38
crop_1458_f02673_c0.42_clip_20-23min.jpg,,02673,0.42
crop_1459_f02674_c0.57_clip_20-23min.jpg,,02674,0.57
crop_1460_f02674_c0.47_clip_20-23min.jpg,,02674,0.47
crop_1461_f02675_c0.51_clip_20-23min.jpg,,02675,0.51
crop_1462_f02676_c0.52_clip_20-23min.jpg,,02676,0.52
crop_1463_f02677_c0.49_clip_20-23min.jpg,,02677,0.49
crop_1464_f02678_c0.48_clip_20-23min.jpg,,02678,0.48
crop_1465_f02767_c0.45_clip_20-23min.jpg,,02767,0.45
crop_1466_f02773_c0.42_clip_20-23min.jpg,,02773,0.42
crop_1467_f02774_c0.37_clip_20-23min.jpg,,02774,0.37
crop_1468_f02776_c0.54_clip_20-23min.jpg,,02776,0.54
crop_1469_f02776_c0.37_clip_20-23min.jpg,,02776,0.37
crop_1470_f02777_c0.59_clip_20-23min.jpg,,02777,0.59
crop_1471_f02778_c0.59_clip_20-23min.jpg,,02778,0.59
crop_1472_f02778_c0.41_clip_20-23min.jpg,,02778,0.41
crop_1473_f02779_c0.59_clip_20-23min.jpg,,02779,0.59
crop_1474_f02779_c0.41_clip_20-23min.jpg,,02779,0.41
crop_1475_f02780_c0.60_clip_20-23min.jpg,,02780,0.60
crop_1476_f02781_c0.65_clip_20-23min.jpg,,02781,0.65
crop_1477_f02781_c0.48_clip_20-23min.jpg,,02781,0.48
crop_1478_f02781_c0.37_clip_20-23min.jpg,,02781,0.37
crop_1479_f02782_c0.65_clip_20-23min.jpg,,02782,0.65
crop_1480_f02782_c0.55_clip_20-23min.jpg,,02782,0.55
crop_1481_f02782_c0.50_clip_20-23min.jpg,,02782,0.50
crop_1482_f02782_c0.36_clip_20-23min.jpg,,02782,0.36
crop_1483_f02783_c0.66_clip_20-23min.jpg,,02783,0.66
crop_1484_f02784_c0.66_clip_20-23min.jpg,,02784,0.66
crop_1485_f02784_c0.42_clip_20-23min.jpg,,02784,0.42
crop_1486_f02785_c0.66_clip_20-23min.jpg,,02785,0.66
crop_1487_f02786_c0.65_clip_20-23min.jpg,,02786,0.65
crop_1488_f02786_c0.42_clip_20-23min.jpg,,02786,0.42
crop_1489_f02786_c0.39_clip_20-23min.jpg,,02786,0.39
crop_1490_f02787_c0.60_clip_20-23min.jpg,,02787,0.60
crop_1491_f02787_c0.39_clip_20-23min.jpg,,02787,0.39
crop_1492_f02787_c0.36_clip_20-23min.jpg,,02787,0.36
crop_1493_f02788_c0.68_clip_20-23min.jpg,,02788,0.68
crop_1494_f02789_c0.70_clip_20-23min.jpg,,02789,0.70
crop_1495_f02790_c0.66_clip_20-23min.jpg,,02790,0.66
crop_1496_f02791_c0.64_clip_20-23min.jpg,,02791,0.64
crop_1497_f02792_c0.59_clip_20-23min.jpg,,02792,0.59
crop_1498_f02792_c0.37_clip_20-23min.jpg,,02792,0.37
crop_1499_f02793_c0.61_clip_20-23min.jpg,,02793,0.61
crop_1500_f02793_c0.36_clip_20-23min.jpg,,02793,0.36
crop_1501_f02794_c0.69_clip_20-23min.jpg,,02794,0.69
crop_1502_f02794_c0.43_clip_20-23min.jpg,,02794,0.43
crop_1503_f02795_c0.71_clip_20-23min.jpg,,02795,0.71
crop_1504_f02795_c0.37_clip_20-23min.jpg,,02795,0.37
crop_1505_f02796_c0.68_clip_20-23min.jpg,,02796,0.68
crop_1506_f02797_c0.64_clip_20-23min.jpg,,02797,0.64
crop_1507_f02798_c0.64_clip_20-23min.jpg,,02798,0.64
crop_1508_f02798_c0.54_clip_20-23min.jpg,,02798,0.54
crop_1509_f02798_c0.35_clip_20-23min.jpg,,02798,0.35
crop_1510_f02799_c0.65_clip_20-23min.jpg,,02799,0.65
crop_1511_f02799_c0.41_clip_20-23min.jpg,,02799,0.41
crop_1512_f02799_c0.37_clip_20-23min.jpg,,02799,0.37
crop_1513_f02800_c0.64_clip_20-23min.jpg,,02800,0.64
crop_1514_f02800_c0.39_clip_20-23min.jpg,,02800,0.39
crop_1515_f02801_c0.60_clip_20-23min.jpg,,02801,0.60
crop_1516_f02801_c0.44_clip_20-23min.jpg,,02801,0.44
crop_1517_f02802_c0.57_clip_20-23min.jpg,,02802,0.57
crop_1518_f02802_c0.47_clip_20-23min.jpg,,02802,0.47
crop_1519_f02803_c0.58_clip_20-23min.jpg,,02803,0.58
crop_1520_f02803_c0.47_clip_20-23min.jpg,,02803,0.47
crop_1521_f02803_c0.38_clip_20-23min.jpg,,02803,0.38
crop_1522_f02804_c0.66_clip_20-23min.jpg,,02804,0.66
crop_1523_f02804_c0.46_clip_20-23min.jpg,,02804,0.46
crop_1524_f02804_c0.38_clip_20-23min.jpg,,02804,0.38
crop_1525_f02805_c0.68_clip_20-23min.jpg,,02805,0.68
crop_1526_f02805_c0.46_clip_20-23min.jpg,,02805,0.46
crop_1527_f02805_c0.43_clip_20-23min.jpg,,02805,0.43
crop_1528_f02805_c0.36_clip_20-23min.jpg,,02805,0.36
crop_1529_f02806_c0.69_clip_20-23min.jpg,,02806,0.69
crop_1530_f02806_c0.48_clip_20-23min.jpg,,02806,0.48
crop_1531_f02807_c0.68_clip_20-23min.jpg,,02807,0.68
crop_1532_f02807_c0.51_clip_20-23min.jpg,,02807,0.51
crop_1533_f02808_c0.63_clip_20-23min.jpg,,02808,0.63
crop_1534_f02808_c0.54_clip_20-23min.jpg,,02808,0.54
crop_1535_f02809_c0.67_clip_20-23min.jpg,,02809,0.67
crop_1536_f02809_c0.52_clip_20-23min.jpg,,02809,0.52
crop_1537_f02810_c0.69_clip_20-23min.jpg,,02810,0.69
crop_1538_f02810_c0.56_clip_20-23min.jpg,,02810,0.56
crop_1539_f02811_c0.70_clip_20-23min.jpg,,02811,0.70
crop_1540_f02811_c0.52_clip_20-23min.jpg,,02811,0.52
crop_1541_f02811_c0.40_clip_20-23min.jpg,,02811,0.40
crop_1542_f02812_c0.68_clip_20-23min.jpg,,02812,0.68
crop_1543_f02812_c0.52_clip_20-23min.jpg,,02812,0.52
crop_1544_f02812_c0.40_clip_20-23min.jpg,,02812,0.40
crop_1545_f02813_c0.66_clip_20-23min.jpg,,02813,0.66
crop_1546_f02813_c0.50_clip_20-23min.jpg,,02813,0.50
crop_1547_f02813_c0.42_clip_20-23min.jpg,,02813,0.42
crop_1548_f02814_c0.66_clip_20-23min.jpg,,02814,0.66
crop_1549_f02814_c0.51_clip_20-23min.jpg,,02814,0.51
crop_1550_f02814_c0.45_clip_20-23min.jpg,,02814,0.45
crop_1551_f02815_c0.64_clip_20-23min.jpg,,02815,0.64
crop_1552_f02815_c0.46_clip_20-23min.jpg,,02815,0.46
crop_1553_f02815_c0.45_clip_20-23min.jpg,,02815,0.45
crop_1554_f02816_c0.62_clip_20-23min.jpg,,02816,0.62
crop_1555_f02816_c0.43_clip_20-23min.jpg,,02816,0.43
crop_1556_f02817_c0.65_clip_20-23min.jpg,,02817,0.65
crop_1557_f02817_c0.37_clip_20-23min.jpg,,02817,0.37
crop_1558_f02818_c0.67_clip_20-23min.jpg,,02818,0.67
crop_1559_f02818_c0.44_clip_20-23min.jpg,,02818,0.44
crop_1560_f02819_c0.66_clip_20-23min.jpg,,02819,0.66
crop_1561_f02819_c0.41_clip_20-23min.jpg,,02819,0.41
crop_1562_f02820_c0.66_clip_20-23min.jpg,,02820,0.66
crop_1563_f02820_c0.41_clip_20-23min.jpg,,02820,0.41
crop_1564_f02821_c0.66_clip_20-23min.jpg,,02821,0.66
crop_1565_f02821_c0.46_clip_20-23min.jpg,,02821,0.46
crop_1566_f02822_c0.66_clip_20-23min.jpg,,02822,0.66
crop_1567_f02822_c0.45_clip_20-23min.jpg,,02822,0.45
crop_1568_f02823_c0.66_clip_20-23min.jpg,,02823,0.66
crop_1569_f02823_c0.47_clip_20-23min.jpg,,02823,0.47
crop_1570_f02824_c0.65_clip_20-23min.jpg,,02824,0.65
crop_1571_f02824_c0.48_clip_20-23min.jpg,,02824,0.48
crop_1572_f02825_c0.65_clip_20-23min.jpg,,02825,0.65
crop_1573_f02825_c0.46_clip_20-23min.jpg,,02825,0.46
crop_1574_f02826_c0.66_clip_20-23min.jpg,,02826,0.66
crop_1575_f02827_c0.66_clip_20-23min.jpg,,02827,0.66
crop_1576_f02828_c0.65_clip_20-23min.jpg,,02828,0.65
crop_1577_f02829_c0.63_clip_20-23min.jpg,,02829,0.63
crop_1578_f02829_c0.38_clip_20-23min.jpg,,02829,0.38
crop_1579_f02830_c0.59_clip_20-23min.jpg,,02830,0.59
crop_1580_f02830_c0.39_clip_20-23min.jpg,,02830,0.39
crop_1581_f02831_c0.61_clip_20-23min.jpg,,02831,0.61
crop_1582_f02832_c0.69_clip_20-23min.jpg,,02832,0.69
crop_1583_f02833_c0.64_clip_20-23min.jpg,,02833,0.64
crop_1584_f02834_c0.62_clip_20-23min.jpg,,02834,0.62
crop_1585_f02835_c0.56_clip_20-23min.jpg,,02835,0.56
crop_1586_f02836_c0.50_clip_20-23min.jpg,,02836,0.50
crop_1587_f02843_c0.38_clip_20-23min.jpg,,02843,0.38
crop_1588_f02846_c0.39_clip_20-23min.jpg,,02846,0.39
crop_1589_f02847_c0.36_clip_20-23min.jpg,,02847,0.36
crop_1590_f02875_c0.45_clip_20-23min.jpg,,02875,0.45
crop_1591_f02876_c0.66_clip_20-23min.jpg,,02876,0.66
crop_1592_f02876_c0.36_clip_20-23min.jpg,,02876,0.36
crop_1593_f02877_c0.62_clip_20-23min.jpg,,02877,0.62
crop_1594_f02877_c0.38_clip_20-23min.jpg,,02877,0.38
crop_1595_f02878_c0.64_clip_20-23min.jpg,,02878,0.64
crop_1596_f02878_c0.35_clip_20-23min.jpg,,02878,0.35
crop_1597_f02882_c0.41_clip_20-23min.jpg,,02882,0.41
crop_1598_f02883_c0.47_clip_20-23min.jpg,,02883,0.47
crop_1599_f02885_c0.37_clip_20-23min.jpg,,02885,0.37
crop_1600_f02889_c0.48_clip_20-23min.jpg,,02889,0.48
crop_1601_f02891_c0.39_clip_20-23min.jpg,,02891,0.39
crop_1602_f02892_c0.49_clip_20-23min.jpg,,02892,0.49
crop_1603_f02892_c0.47_clip_20-23min.jpg,,02892,0.47
crop_1604_f02895_c0.35_clip_20-23min.jpg,,02895,0.35
crop_1605_f02896_c0.60_clip_20-23min.jpg,,02896,0.60
crop_1606_f02899_c0.38_clip_20-23min.jpg,,02899,0.38
crop_1607_f02901_c0.41_clip_20-23min.jpg,,02901,0.41
crop_1608_f02901_c0.36_clip_20-23min.jpg,,02901,0.36
crop_1609_f02902_c0.41_clip_20-23min.jpg,,02902,0.41
crop_1610_f02902_c0.37_clip_20-23min.jpg,,02902,0.37
crop_1611_f02903_c0.39_clip_20-23min.jpg,,02903,0.39
crop_1612_f02903_c0.38_clip_20-23min.jpg,,02903,0.38
crop_1613_f02903_c0.36_clip_20-23min.jpg,,02903,0.36
crop_1614_f02904_c0.43_clip_20-23min.jpg,,02904,0.43
crop_1615_f02904_c0.42_clip_20-23min.jpg,,02904,0.42
crop_1616_f02906_c0.38_clip_20-23min.jpg,,02906,0.38
crop_1617_f02907_c0.46_clip_20-23min.jpg,,02907,0.46
crop_1618_f02907_c0.36_clip_20-23min.jpg,,02907,0.36
crop_1619_f02908_c0.37_clip_20-23min.jpg,,02908,0.37
crop_1620_f02910_c0.50_clip_20-23min.jpg,,02910,0.50
crop_1621_f02912_c0.53_clip_20-23min.jpg,,02912,0.53
crop_1622_f02913_c0.61_clip_20-23min.jpg,,02913,0.61
crop_1623_f02913_c0.46_clip_20-23min.jpg,,02913,0.46
crop_1624_f02914_c0.66_clip_20-23min.jpg,,02914,0.66
crop_1625_f02914_c0.42_clip_20-23min.jpg,,02914,0.42
crop_1626_f02915_c0.36_clip_20-23min.jpg,,02915,0.36
crop_1627_f02917_c0.37_clip_20-23min.jpg,,02917,0.37
crop_1628_f02918_c0.50_clip_20-23min.jpg,,02918,0.50
crop_1629_f02918_c0.49_clip_20-23min.jpg,,02918,0.49
crop_1630_f02922_c0.46_clip_20-23min.jpg,,02922,0.46
crop_1631_f02923_c0.52_clip_20-23min.jpg,,02923,0.52
crop_1632_f02926_c0.41_clip_20-23min.jpg,,02926,0.41
crop_1633_f02926_c0.37_clip_20-23min.jpg,,02926,0.37
crop_1634_f02928_c0.36_clip_20-23min.jpg,,02928,0.36
crop_1635_f02930_c0.40_clip_20-23min.jpg,,02930,0.40
crop_1636_f02931_c0.45_clip_20-23min.jpg,,02931,0.45
crop_1637_f02932_c0.43_clip_20-23min.jpg,,02932,0.43
crop_1638_f02933_c0.54_clip_20-23min.jpg,,02933,0.54
crop_1639_f02934_c0.58_clip_20-23min.jpg,,02934,0.58
crop_1640_f02935_c0.49_clip_20-23min.jpg,,02935,0.49
crop_1641_f02937_c0.39_clip_20-23min.jpg,,02937,0.39
crop_1642_f02938_c0.45_clip_20-23min.jpg,,02938,0.45
crop_1643_f02938_c0.40_clip_20-23min.jpg,,02938,0.40
crop_1644_f02939_c0.46_clip_20-23min.jpg,,02939,0.46
crop_1645_f02941_c0.41_clip_20-23min.jpg,,02941,0.41
crop_1646_f02941_c0.35_clip_20-23min.jpg,,02941,0.35
crop_1647_f02943_c0.46_clip_20-23min.jpg,,02943,0.46
crop_1648_f02943_c0.44_clip_20-23min.jpg,,02943,0.44
crop_1649_f02943_c0.40_clip_20-23min.jpg,,02943,0.40
crop_1650_f02946_c0.41_clip_20-23min.jpg,,02946,0.41
crop_1651_f02946_c0.37_clip_20-23min.jpg,,02946,0.37
crop_1652_f02947_c0.41_clip_20-23min.jpg,,02947,0.41
crop_1653_f02947_c0.41_clip_20-23min.jpg,,02947,0.41
crop_1654_f02947_c0.35_clip_20-23min.jpg,,02947,0.35
crop_1655_f02948_c0.55_clip_20-23min.jpg,,02948,0.55
crop_1656_f02948_c0.44_clip_20-23min.jpg,,02948,0.44
crop_1657_f02948_c0.40_clip_20-23min.jpg,,02948,0.40
crop_1658_f02949_c0.55_clip_20-23min.jpg,,02949,0.55
crop_1659_f02949_c0.39_clip_20-23min.jpg,,02949,0.39
crop_1660_f02950_c0.51_clip_20-23min.jpg,,02950,0.51
crop_1661_f02950_c0.44_clip_20-23min.jpg,,02950,0.44
crop_1662_f02951_c0.60_clip_20-23min.jpg,,02951,0.60
crop_1663_f02952_c0.51_clip_20-23min.jpg,,02952,0.51
crop_1664_f02953_c0.38_clip_20-23min.jpg,,02953,0.38
crop_1665_f02954_c0.55_clip_20-23min.jpg,,02954,0.55
crop_1666_f02955_c0.44_clip_20-23min.jpg,,02955,0.44
crop_1667_f02956_c0.36_clip_20-23min.jpg,,02956,0.36
crop_1668_f02956_c0.35_clip_20-23min.jpg,,02956,0.35
crop_1669_f02957_c0.41_clip_20-23min.jpg,,02957,0.41
crop_1670_f02957_c0.38_clip_20-23min.jpg,,02957,0.38
crop_1671_f02958_c0.44_clip_20-23min.jpg,,02958,0.44
crop_1672_f02959_c0.45_clip_20-23min.jpg,,02959,0.45
crop_1673_f02959_c0.44_clip_20-23min.jpg,,02959,0.44
crop_1674_f02960_c0.44_clip_20-23min.jpg,,02960,0.44
crop_1675_f02961_c0.38_clip_20-23min.jpg,,02961,0.38
crop_1676_f02962_c0.38_clip_20-23min.jpg,,02962,0.38
crop_1677_f02963_c0.45_clip_20-23min.jpg,,02963,0.45
crop_1678_f02963_c0.37_clip_20-23min.jpg,,02963,0.37
crop_1679_f02964_c0.43_clip_20-23min.jpg,,02964,0.43
crop_1680_f02964_c0.38_clip_20-23min.jpg,,02964,0.38
crop_1681_f02965_c0.54_clip_20-23min.jpg,,02965,0.54
crop_1682_f02965_c0.38_clip_20-23min.jpg,,02965,0.38
crop_1683_f02966_c0.50_clip_20-23min.jpg,,02966,0.50
crop_1684_f02966_c0.48_clip_20-23min.jpg,,02966,0.48
crop_1685_f02967_c0.50_clip_20-23min.jpg,,02967,0.50
crop_1686_f02967_c0.49_clip_20-23min.jpg,,02967,0.49
crop_1687_f02967_c0.37_clip_20-23min.jpg,,02967,0.37
crop_1688_f02967_c0.36_clip_20-23min.jpg,,02967,0.36
crop_1689_f02968_c0.57_clip_20-23min.jpg,,02968,0.57
crop_1690_f02968_c0.50_clip_20-23min.jpg,,02968,0.50
crop_1691_f02968_c0.41_clip_20-23min.jpg,,02968,0.41
crop_1692_f02968_c0.37_clip_20-23min.jpg,,02968,0.37
crop_1693_f02969_c0.43_clip_20-23min.jpg,,02969,0.43
crop_1694_f02969_c0.36_clip_20-23min.jpg,,02969,0.36
crop_1695_f02969_c0.36_clip_20-23min.jpg,,02969,0.36
crop_1696_f02970_c0.43_clip_20-23min.jpg,,02970,0.43
crop_1697_f02970_c0.35_clip_20-23min.jpg,,02970,0.35
crop_1698_f02971_c0.55_clip_20-23min.jpg,,02971,0.55
crop_1699_f02971_c0.45_clip_20-23min.jpg,,02971,0.45
crop_1700_f02972_c0.41_clip_20-23min.jpg,,02972,0.41
crop_1701_f02973_c0.43_clip_20-23min.jpg,,02973,0.43
crop_1702_f02974_c0.39_clip_20-23min.jpg,,02974,0.39
crop_1703_f02975_c0.40_clip_20-23min.jpg,,02975,0.40
crop_1704_f02977_c0.44_clip_20-23min.jpg,,02977,0.44
crop_1705_f02977_c0.36_clip_20-23min.jpg,,02977,0.36
crop_1706_f02978_c0.47_clip_20-23min.jpg,,02978,0.47
crop_1707_f02979_c0.48_clip_20-23min.jpg,,02979,0.48
crop_1708_f02980_c0.44_clip_20-23min.jpg,,02980,0.44
crop_1709_f02981_c0.52_clip_20-23min.jpg,,02981,0.52
crop_1710_f02982_c0.43_clip_20-23min.jpg,,02982,0.43
crop_1711_f02983_c0.46_clip_20-23min.jpg,,02983,0.46
crop_1712_f02983_c0.40_clip_20-23min.jpg,,02983,0.40
crop_1713_f02984_c0.41_clip_20-23min.jpg,,02984,0.41
crop_1714_f02984_c0.40_clip_20-23min.jpg,,02984,0.40
crop_1715_f02985_c0.38_clip_20-23min.jpg,,02985,0.38
crop_1716_f02990_c0.46_clip_20-23min.jpg,,02990,0.46
crop_1717_f02991_c0.47_clip_20-23min.jpg,,02991,0.47
crop_1718_f02991_c0.38_clip_20-23min.jpg,,02991,0.38
crop_1719_f02996_c0.36_clip_20-23min.jpg,,02996,0.36
crop_1720_f02997_c0.42_clip_20-23min.jpg,,02997,0.42
crop_1721_f02998_c0.43_clip_20-23min.jpg,,02998,0.43
crop_1722_f02998_c0.42_clip_20-23min.jpg,,02998,0.42
crop_1723_f02998_c0.35_clip_20-23min.jpg,,02998,0.35
crop_1724_f02999_c0.42_clip_20-23min.jpg,,02999,0.42
crop_1725_f02999_c0.37_clip_20-23min.jpg,,02999,0.37
crop_1726_f03000_c0.40_clip_20-23min.jpg,,03000,0.40
crop_1727_f03001_c0.47_clip_20-23min.jpg,,03001,0.47
crop_1728_f03002_c0.38_clip_20-23min.jpg,,03002,0.38
crop_1729_f03002_c0.36_clip_20-23min.jpg,,03002,0.36
crop_1730_f03005_c0.40_clip_20-23min.jpg,,03005,0.40
crop_1731_f03006_c0.36_clip_20-23min.jpg,,03006,0.36
crop_1732_f03008_c0.41_clip_20-23min.jpg,,03008,0.41
crop_1733_f03011_c0.36_clip_20-23min.jpg,,03011,0.36
crop_1734_f03014_c0.39_clip_20-23min.jpg,,03014,0.39
crop_1735_f03015_c0.36_clip_20-23min.jpg,,03015,0.36
crop_1736_f03018_c0.35_clip_20-23min.jpg,,03018,0.35
crop_1737_f03019_c0.39_clip_20-23min.jpg,,03019,0.39
crop_1738_f03022_c0.36_clip_20-23min.jpg,,03022,0.36
crop_1739_f03023_c0.37_clip_20-23min.jpg,,03023,0.37
crop_1740_f03024_c0.49_clip_20-23min.jpg,,03024,0.49
crop_1741_f03024_c0.47_clip_20-23min.jpg,,03024,0.47
crop_1742_f03025_c0.48_clip_20-23min.jpg,,03025,0.48
crop_1743_f03025_c0.35_clip_20-23min.jpg,,03025,0.35
crop_1744_f03026_c0.53_clip_20-23min.jpg,,03026,0.53
crop_1745_f03027_c0.40_clip_20-23min.jpg,,03027,0.40
crop_1746_f03028_c0.55_clip_20-23min.jpg,,03028,0.55
crop_1747_f03029_c0.38_clip_20-23min.jpg,,03029,0.38
crop_1748_f03029_c0.37_clip_20-23min.jpg,,03029,0.37
crop_1749_f03031_c0.52_clip_20-23min.jpg,,03031,0.52
crop_1750_f03031_c0.39_clip_20-23min.jpg,,03031,0.39
crop_1751_f03031_c0.38_clip_20-23min.jpg,,03031,0.38
crop_1752_f03034_c0.37_clip_20-23min.jpg,,03034,0.37
crop_1753_f03035_c0.41_clip_20-23min.jpg,,03035,0.41
crop_1754_f03035_c0.36_clip_20-23min.jpg,,03035,0.36
crop_1755_f03036_c0.56_clip_20-23min.jpg,,03036,0.56
crop_1756_f03036_c0.56_clip_20-23min.jpg,,03036,0.56
crop_1757_f03037_c0.48_clip_20-23min.jpg,,03037,0.48
crop_1758_f03038_c0.45_clip_20-23min.jpg,,03038,0.45
crop_1759_f03038_c0.42_clip_20-23min.jpg,,03038,0.42
crop_1760_f03039_c0.40_clip_20-23min.jpg,,03039,0.40
crop_1761_f03039_c0.37_clip_20-23min.jpg,,03039,0.37
crop_1762_f03040_c0.43_clip_20-23min.jpg,,03040,0.43
crop_1763_f03040_c0.37_clip_20-23min.jpg,,03040,0.37
crop_1764_f03040_c0.35_clip_20-23min.jpg,,03040,0.35
crop_1765_f03041_c0.36_clip_20-23min.jpg,,03041,0.36
crop_1766_f03042_c0.56_clip_20-23min.jpg,,03042,0.56
crop_1767_f03042_c0.54_clip_20-23min.jpg,,03042,0.54
crop_1768_f03043_c0.37_clip_20-23min.jpg,,03043,0.37
crop_1769_f03044_c0.36_clip_20-23min.jpg,,03044,0.36
crop_1770_f03045_c0.53_clip_20-23min.jpg,,03045,0.53
crop_1771_f03045_c0.42_clip_20-23min.jpg,,03045,0.42
crop_1772_f03045_c0.39_clip_20-23min.jpg,,03045,0.39
crop_1773_f03047_c0.60_clip_20-23min.jpg,,03047,0.60
crop_1774_f03047_c0.47_clip_20-23min.jpg,,03047,0.47
crop_1775_f03048_c0.42_clip_20-23min.jpg,,03048,0.42
crop_1776_f03048_c0.38_clip_20-23min.jpg,,03048,0.38
crop_1777_f03049_c0.45_clip_20-23min.jpg,,03049,0.45
crop_1778_f03049_c0.36_clip_20-23min.jpg,,03049,0.36
crop_1779_f03049_c0.35_clip_20-23min.jpg,,03049,0.35
crop_1780_f03050_c0.48_clip_20-23min.jpg,,03050,0.48
crop_1781_f03050_c0.42_clip_20-23min.jpg,,03050,0.42
crop_1782_f03051_c0.42_clip_20-23min.jpg,,03051,0.42
crop_1783_f03052_c0.44_clip_20-23min.jpg,,03052,0.44
crop_1784_f03052_c0.37_clip_20-23min.jpg,,03052,0.37
crop_1785_f03053_c0.42_clip_20-23min.jpg,,03053,0.42
crop_1786_f03053_c0.39_clip_20-23min.jpg,,03053,0.39
crop_1787_f03054_c0.52_clip_20-23min.jpg,,03054,0.52
crop_1788_f03054_c0.39_clip_20-23min.jpg,,03054,0.39
crop_1789_f03054_c0.39_clip_20-23min.jpg,,03054,0.39
crop_1790_f03055_c0.56_clip_20-23min.jpg,,03055,0.56
crop_1791_f03055_c0.38_clip_20-23min.jpg,,03055,0.38
crop_1792_f03056_c0.56_clip_20-23min.jpg,,03056,0.56
crop_1793_f03057_c0.47_clip_20-23min.jpg,,03057,0.47
crop_1794_f03058_c0.48_clip_20-23min.jpg,,03058,0.48
crop_1795_f03058_c0.44_clip_20-23min.jpg,,03058,0.44
crop_1796_f03058_c0.38_clip_20-23min.jpg,,03058,0.38
crop_1797_f03059_c0.64_clip_20-23min.jpg,,03059,0.64
crop_1798_f03060_c0.62_clip_20-23min.jpg,,03060,0.62
crop_1799_f03061_c0.65_clip_20-23min.jpg,,03061,0.65
crop_1800_f03062_c0.67_clip_20-23min.jpg,,03062,0.67
crop_1801_f03063_c0.61_clip_20-23min.jpg,,03063,0.61
crop_1802_f03064_c0.50_clip_20-23min.jpg,,03064,0.50
crop_1803_f03064_c0.42_clip_20-23min.jpg,,03064,0.42
crop_1804_f03064_c0.36_clip_20-23min.jpg,,03064,0.36
crop_1805_f03065_c0.54_clip_20-23min.jpg,,03065,0.54
crop_1806_f03066_c0.66_clip_20-23min.jpg,,03066,0.66
crop_1807_f03066_c0.39_clip_20-23min.jpg,,03066,0.39
crop_1808_f03067_c0.48_clip_20-23min.jpg,,03067,0.48
crop_1809_f03067_c0.36_clip_20-23min.jpg,,03067,0.36
crop_1810_f03067_c0.35_clip_20-23min.jpg,,03067,0.35
crop_1811_f03068_c0.51_clip_20-23min.jpg,,03068,0.51
crop_1812_f03069_c0.62_clip_20-23min.jpg,,03069,0.62
crop_1813_f03070_c0.56_clip_20-23min.jpg,,03070,0.56
crop_1814_f03070_c0.53_clip_20-23min.jpg,,03070,0.53
crop_1815_f03071_c0.47_clip_20-23min.jpg,,03071,0.47
crop_1816_f03071_c0.41_clip_20-23min.jpg,,03071,0.41
crop_1817_f03072_c0.40_clip_20-23min.jpg,,03072,0.40
crop_1818_f03073_c0.45_clip_20-23min.jpg,,03073,0.45
crop_1819_f03073_c0.43_clip_20-23min.jpg,,03073,0.43
crop_1820_f03074_c0.40_clip_20-23min.jpg,,03074,0.40
crop_1821_f03075_c0.39_clip_20-23min.jpg,,03075,0.39
crop_1822_f03076_c0.39_clip_20-23min.jpg,,03076,0.39
crop_1823_f03077_c0.43_clip_20-23min.jpg,,03077,0.43
crop_1824_f03078_c0.39_clip_20-23min.jpg,,03078,0.39
crop_1825_f03079_c0.42_clip_20-23min.jpg,,03079,0.42
crop_1826_f03080_c0.43_clip_20-23min.jpg,,03080,0.43
crop_1827_f03081_c0.45_clip_20-23min.jpg,,03081,0.45
crop_1828_f03082_c0.47_clip_20-23min.jpg,,03082,0.47
crop_1829_f03083_c0.49_clip_20-23min.jpg,,03083,0.49
crop_1830_f03084_c0.50_clip_20-23min.jpg,,03084,0.50
crop_1831_f03085_c0.49_clip_20-23min.jpg,,03085,0.49
crop_1832_f03085_c0.46_clip_20-23min.jpg,,03085,0.46
crop_1833_f03086_c0.45_clip_20-23min.jpg,,03086,0.45
crop_1834_f03087_c0.44_clip_20-23min.jpg,,03087,0.44
crop_1835_f03087_c0.39_clip_20-23min.jpg,,03087,0.39
crop_1836_f03088_c0.57_clip_20-23min.jpg,,03088,0.57
crop_1837_f03088_c0.43_clip_20-23min.jpg,,03088,0.43
crop_1838_f03089_c0.59_clip_20-23min.jpg,,03089,0.59
crop_1839_f03089_c0.42_clip_20-23min.jpg,,03089,0.42
crop_1840_f03090_c0.64_clip_20-23min.jpg,,03090,0.64
crop_1841_f03090_c0.43_clip_20-23min.jpg,,03090,0.43
crop_1842_f03090_c0.36_clip_20-23min.jpg,,03090,0.36
crop_1843_f03091_c0.60_clip_20-23min.jpg,,03091,0.60
crop_1844_f03091_c0.47_clip_20-23min.jpg,,03091,0.47
crop_1845_f03091_c0.39_clip_20-23min.jpg,,03091,0.39
crop_1846_f03091_c0.37_clip_20-23min.jpg,,03091,0.37
crop_1847_f03092_c0.47_clip_20-23min.jpg,,03092,0.47
crop_1848_f03093_c0.47_clip_20-23min.jpg,,03093,0.47
crop_1849_f03094_c0.43_clip_20-23min.jpg,,03094,0.43
crop_1850_f03095_c0.42_clip_20-23min.jpg,,03095,0.42
crop_1851_f03097_c0.53_clip_20-23min.jpg,,03097,0.53
crop_1852_f03098_c0.36_clip_20-23min.jpg,,03098,0.36
crop_1853_f03101_c0.47_clip_20-23min.jpg,,03101,0.47
crop_1854_f03101_c0.42_clip_20-23min.jpg,,03101,0.42
crop_1855_f03102_c0.53_clip_20-23min.jpg,,03102,0.53
crop_1856_f03103_c0.41_clip_20-23min.jpg,,03103,0.41
crop_1857_f03104_c0.53_clip_20-23min.jpg,,03104,0.53
crop_1858_f03104_c0.41_clip_20-23min.jpg,,03104,0.41
crop_1859_f03104_c0.37_clip_20-23min.jpg,,03104,0.37
crop_1860_f03107_c0.49_clip_20-23min.jpg,,03107,0.49
crop_1861_f03107_c0.47_clip_20-23min.jpg,,03107,0.47
crop_1862_f03107_c0.39_clip_20-23min.jpg,,03107,0.39
crop_1863_f03108_c0.43_clip_20-23min.jpg,,03108,0.43
crop_1864_f03108_c0.36_clip_20-23min.jpg,,03108,0.36
crop_1865_f03109_c0.43_clip_20-23min.jpg,,03109,0.43
crop_1866_f03109_c0.36_clip_20-23min.jpg,,03109,0.36
crop_1867_f03110_c0.43_clip_20-23min.jpg,,03110,0.43
crop_1868_f03110_c0.36_clip_20-23min.jpg,,03110,0.36
crop_1869_f03111_c0.43_clip_20-23min.jpg,,03111,0.43
crop_1870_f03111_c0.36_clip_20-23min.jpg,,03111,0.36
crop_1871_f03112_c0.43_clip_20-23min.jpg,,03112,0.43
crop_1872_f03112_c0.36_clip_20-23min.jpg,,03112,0.36
crop_1873_f03113_c0.43_clip_20-23min.jpg,,03113,0.43
crop_1874_f03113_c0.36_clip_20-23min.jpg,,03113,0.36
crop_1875_f03114_c0.57_clip_20-23min.jpg,,03114,0.57
crop_1876_f03115_c0.66_clip_20-23min.jpg,,03115,0.66
crop_1877_f03116_c0.48_clip_20-23min.jpg,,03116,0.48
crop_1878_f03117_c0.51_clip_20-23min.jpg,,03117,0.51
crop_1879_f03117_c0.42_clip_20-23min.jpg,,03117,0.42
crop_1880_f03118_c0.56_clip_20-23min.jpg,,03118,0.56
crop_1881_f03120_c0.49_clip_20-23min.jpg,,03120,0.49
crop_1882_f03121_c0.43_clip_20-23min.jpg,,03121,0.43
crop_1883_f03122_c0.43_clip_20-23min.jpg,,03122,0.43
crop_1884_f03123_c0.44_clip_20-23min.jpg,,03123,0.44
crop_1885_f03125_c0.44_clip_20-23min.jpg,,03125,0.44
crop_1886_f03125_c0.43_clip_20-23min.jpg,,03125,0.43
crop_1887_f03126_c0.56_clip_20-23min.jpg,,03126,0.56
crop_1888_f03127_c0.57_clip_20-23min.jpg,,03127,0.57
crop_1889_f03128_c0.64_clip_20-23min.jpg,,03128,0.64
crop_1890_f03129_c0.46_clip_20-23min.jpg,,03129,0.46
crop_1891_f03129_c0.36_clip_20-23min.jpg,,03129,0.36
crop_1892_f03130_c0.67_clip_20-23min.jpg,,03130,0.67
crop_1893_f03131_c0.64_clip_20-23min.jpg,,03131,0.64
crop_1894_f03132_c0.61_clip_20-23min.jpg,,03132,0.61
crop_1895_f03133_c0.64_clip_20-23min.jpg,,03133,0.64
crop_1896_f03134_c0.60_clip_20-23min.jpg,,03134,0.60
crop_1897_f03134_c0.46_clip_20-23min.jpg,,03134,0.46
crop_1898_f03135_c0.64_clip_20-23min.jpg,,03135,0.64
crop_1899_f03135_c0.39_clip_20-23min.jpg,,03135,0.39
crop_1900_f03136_c0.51_clip_20-23min.jpg,,03136,0.51
crop_1901_f03137_c0.55_clip_20-23min.jpg,,03137,0.55
crop_1902_f03137_c0.45_clip_20-23min.jpg,,03137,0.45
crop_1903_f03138_c0.61_clip_20-23min.jpg,,03138,0.61
crop_1904_f03138_c0.49_clip_20-23min.jpg,,03138,0.49
crop_1905_f03139_c0.63_clip_20-23min.jpg,,03139,0.63
crop_1906_f03139_c0.49_clip_20-23min.jpg,,03139,0.49
crop_1907_f03139_c0.44_clip_20-23min.jpg,,03139,0.44
crop_1908_f03140_c0.66_clip_20-23min.jpg,,03140,0.66
crop_1909_f03140_c0.38_clip_20-23min.jpg,,03140,0.38
crop_1910_f03141_c0.56_clip_20-23min.jpg,,03141,0.56
crop_1911_f03141_c0.51_clip_20-23min.jpg,,03141,0.51
crop_1912_f03141_c0.37_clip_20-23min.jpg,,03141,0.37
crop_1913_f03142_c0.62_clip_20-23min.jpg,,03142,0.62
crop_1914_f03142_c0.36_clip_20-23min.jpg,,03142,0.36
crop_1915_f03143_c0.52_clip_20-23min.jpg,,03143,0.52
crop_1916_f03143_c0.47_clip_20-23min.jpg,,03143,0.47
crop_1917_f03143_c0.41_clip_20-23min.jpg,,03143,0.41
crop_1918_f03143_c0.37_clip_20-23min.jpg,,03143,0.37
crop_1919_f03144_c0.57_clip_20-23min.jpg,,03144,0.57
crop_1920_f03144_c0.43_clip_20-23min.jpg,,03144,0.43
crop_1921_f03145_c0.65_clip_20-23min.jpg,,03145,0.65
crop_1922_f03145_c0.48_clip_20-23min.jpg,,03145,0.48
crop_1923_f03145_c0.44_clip_20-23min.jpg,,03145,0.44
crop_1924_f03146_c0.43_clip_20-23min.jpg,,03146,0.43
crop_1925_f03146_c0.42_clip_20-23min.jpg,,03146,0.42
crop_1926_f03147_c0.60_clip_20-23min.jpg,,03147,0.60
crop_1927_f03147_c0.42_clip_20-23min.jpg,,03147,0.42
crop_1928_f03148_c0.42_clip_20-23min.jpg,,03148,0.42
crop_1929_f03149_c0.54_clip_20-23min.jpg,,03149,0.54
crop_1930_f03149_c0.37_clip_20-23min.jpg,,03149,0.37
crop_1931_f03150_c0.54_clip_20-23min.jpg,,03150,0.54
crop_1932_f03151_c0.45_clip_20-23min.jpg,,03151,0.45
crop_1933_f03151_c0.35_clip_20-23min.jpg,,03151,0.35
crop_1934_f03152_c0.47_clip_20-23min.jpg,,03152,0.47
crop_1935_f03152_c0.43_clip_20-23min.jpg,,03152,0.43
crop_1936_f03154_c0.38_clip_20-23min.jpg,,03154,0.38
crop_1937_f03154_c0.36_clip_20-23min.jpg,,03154,0.36
crop_1938_f03155_c0.51_clip_20-23min.jpg,,03155,0.51
crop_1939_f03156_c0.43_clip_20-23min.jpg,,03156,0.43
crop_1940_f03156_c0.40_clip_20-23min.jpg,,03156,0.40
crop_1941_f03157_c0.47_clip_20-23min.jpg,,03157,0.47
crop_1942_f03157_c0.37_clip_20-23min.jpg,,03157,0.37
crop_1943_f03159_c0.37_clip_20-23min.jpg,,03159,0.37
crop_1944_f03159_c0.36_clip_20-23min.jpg,,03159,0.36
crop_1945_f03161_c0.50_clip_20-23min.jpg,,03161,0.50
crop_1946_f03165_c0.56_clip_20-23min.jpg,,03165,0.56
crop_1947_f03165_c0.36_clip_20-23min.jpg,,03165,0.36
crop_1948_f03166_c0.54_clip_20-23min.jpg,,03166,0.54
crop_1949_f03166_c0.39_clip_20-23min.jpg,,03166,0.39
crop_1950_f03167_c0.49_clip_20-23min.jpg,,03167,0.49
crop_1951_f03168_c0.76_clip_20-23min.jpg,,03168,0.76
crop_1952_f03168_c0.41_clip_20-23min.jpg,,03168,0.41
crop_1953_f03169_c0.45_clip_20-23min.jpg,,03169,0.45
crop_1954_f03171_c0.40_clip_20-23min.jpg,,03171,0.40
crop_1955_f03171_c0.35_clip_20-23min.jpg,,03171,0.35
crop_1956_f03172_c0.35_clip_20-23min.jpg,,03172,0.35
crop_1957_f03174_c0.43_clip_20-23min.jpg,,03174,0.43
crop_1958_f03175_c0.35_clip_20-23min.jpg,,03175,0.35
crop_1959_f03176_c0.51_clip_20-23min.jpg,,03176,0.51
crop_1960_f03177_c0.52_clip_20-23min.jpg,,03177,0.52
crop_1961_f03183_c0.45_clip_20-23min.jpg,,03183,0.45
crop_1962_f03184_c0.47_clip_20-23min.jpg,,03184,0.47
crop_1963_f03190_c0.38_clip_20-23min.jpg,,03190,0.38
crop_1964_f03190_c0.37_clip_20-23min.jpg,,03190,0.37
crop_1965_f03197_c0.55_clip_20-23min.jpg,,03197,0.55
crop_1966_f03198_c0.51_clip_20-23min.jpg,,03198,0.51
crop_1967_f03199_c0.53_clip_20-23min.jpg,,03199,0.53
crop_1968_f03201_c0.47_clip_20-23min.jpg,,03201,0.47
crop_1969_f03202_c0.41_clip_20-23min.jpg,,03202,0.41
crop_1970_f03212_c0.36_clip_20-23min.jpg,,03212,0.36
crop_1971_f03215_c0.44_clip_20-23min.jpg,,03215,0.44
crop_1972_f03215_c0.43_clip_20-23min.jpg,,03215,0.43
crop_1973_f03216_c0.51_clip_20-23min.jpg,,03216,0.51
crop_1974_f03216_c0.40_clip_20-23min.jpg,,03216,0.40
crop_1975_f03216_c0.37_clip_20-23min.jpg,,03216,0.37
crop_1976_f03217_c0.57_clip_20-23min.jpg,,03217,0.57
crop_1977_f03217_c0.39_clip_20-23min.jpg,,03217,0.39
crop_1978_f03218_c0.42_clip_20-23min.jpg,,03218,0.42
crop_1979_f03218_c0.36_clip_20-23min.jpg,,03218,0.36
crop_1980_f03219_c0.56_clip_20-23min.jpg,,03219,0.56
crop_1981_f03219_c0.43_clip_20-23min.jpg,,03219,0.43
crop_1982_f03220_c0.46_clip_20-23min.jpg,,03220,0.46
crop_1983_f03221_c0.58_clip_20-23min.jpg,,03221,0.58
crop_1984_f03222_c0.58_clip_20-23min.jpg,,03222,0.58
crop_1985_f03223_c0.58_clip_20-23min.jpg,,03223,0.58
crop_1986_f03224_c0.60_clip_20-23min.jpg,,03224,0.60
crop_1987_f03224_c0.45_clip_20-23min.jpg,,03224,0.45
crop_1988_f03225_c0.48_clip_20-23min.jpg,,03225,0.48
crop_1989_f03226_c0.52_clip_20-23min.jpg,,03226,0.52
crop_1990_f03227_c0.49_clip_20-23min.jpg,,03227,0.49
crop_1991_f03227_c0.36_clip_20-23min.jpg,,03227,0.36
crop_1992_f03228_c0.41_clip_20-23min.jpg,,03228,0.41
crop_1993_f03229_c0.43_clip_20-23min.jpg,,03229,0.43
crop_1994_f03230_c0.51_clip_20-23min.jpg,,03230,0.51
crop_1995_f03230_c0.42_clip_20-23min.jpg,,03230,0.42
crop_1996_f03231_c0.55_clip_20-23min.jpg,,03231,0.55
crop_1997_f03231_c0.41_clip_20-23min.jpg,,03231,0.41
crop_1998_f03232_c0.47_clip_20-23min.jpg,,03232,0.47
crop_1999_f03233_c0.37_clip_20-23min.jpg,,03233,0.37
crop_2000_f03234_c0.43_clip_20-23min.jpg,,03234,0.43
crop_2001_f03234_c0.43_clip_20-23min.jpg,,03234,0.43
crop_2002_f03235_c0.40_clip_20-23min.jpg,,03235,0.40
crop_2003_f03236_c0.39_clip_20-23min.jpg,,03236,0.39
crop_2004_f03237_c0.41_clip_20-23min.jpg,,03237,0.41
crop_2005_f03238_c0.46_clip_20-23min.jpg,,03238,0.46
crop_2006_f03239_c0.50_clip_20-23min.jpg,,03239,0.50
crop_2007_f03240_c0.55_clip_20-23min.jpg,,03240,0.55
crop_2008_f03242_c0.36_clip_20-23min.jpg,,03242,0.36
crop_2009_f03243_c0.47_clip_20-23min.jpg,,03243,0.47
crop_2010_f03244_c0.55_clip_20-23min.jpg,,03244,0.55
crop_2011_f03245_c0.45_clip_20-23min.jpg,,03245,0.45
crop_2012_f03245_c0.42_clip_20-23min.jpg,,03245,0.42
crop_2013_f03246_c0.61_clip_20-23min.jpg,,03246,0.61
crop_2014_f03246_c0.40_clip_20-23min.jpg,,03246,0.40
crop_2015_f03247_c0.65_clip_20-23min.jpg,,03247,0.65
crop_2016_f03247_c0.46_clip_20-23min.jpg,,03247,0.46
crop_2017_f03248_c0.75_clip_20-23min.jpg,,03248,0.75
crop_2018_f03248_c0.60_clip_20-23min.jpg,,03248,0.60
crop_2019_f03249_c0.66_clip_20-23min.jpg,,03249,0.66
crop_2020_f03250_c0.68_clip_20-23min.jpg,,03250,0.68
crop_2021_f03250_c0.45_clip_20-23min.jpg,,03250,0.45
crop_2022_f03251_c0.74_clip_20-23min.jpg,,03251,0.74
crop_2023_f03251_c0.63_clip_20-23min.jpg,,03251,0.63
crop_2024_f03251_c0.58_clip_20-23min.jpg,,03251,0.58
crop_2025_f03251_c0.47_clip_20-23min.jpg,,03251,0.47
crop_2026_f03251_c0.36_clip_20-23min.jpg,,03251,0.36
crop_2027_f03252_c0.62_clip_20-23min.jpg,,03252,0.62
crop_2028_f03252_c0.62_clip_20-23min.jpg,,03252,0.62
crop_2029_f03252_c0.49_clip_20-23min.jpg,,03252,0.49
crop_2030_f03252_c0.46_clip_20-23min.jpg,,03252,0.46
crop_2031_f03253_c0.71_clip_20-23min.jpg,,03253,0.71
crop_2032_f03253_c0.53_clip_20-23min.jpg,,03253,0.53
crop_2033_f03253_c0.47_clip_20-23min.jpg,,03253,0.47
crop_2034_f03253_c0.46_clip_20-23min.jpg,,03253,0.46
crop_2035_f03254_c0.40_clip_20-23min.jpg,,03254,0.40
crop_2036_f03254_c0.38_clip_20-23min.jpg,,03254,0.38
crop_2037_f03255_c0.59_clip_20-23min.jpg,,03255,0.59
crop_2038_f03255_c0.54_clip_20-23min.jpg,,03255,0.54
crop_2039_f03255_c0.40_clip_20-23min.jpg,,03255,0.40
crop_2040_f03256_c0.63_clip_20-23min.jpg,,03256,0.63
crop_2041_f03256_c0.38_clip_20-23min.jpg,,03256,0.38
crop_2042_f03257_c0.61_clip_20-23min.jpg,,03257,0.61
crop_2043_f03258_c0.49_clip_20-23min.jpg,,03258,0.49
crop_2044_f03259_c0.36_clip_20-23min.jpg,,03259,0.36
crop_2045_f03260_c0.52_clip_20-23min.jpg,,03260,0.52
crop_2046_f03261_c0.61_clip_20-23min.jpg,,03261,0.61
crop_2047_f03262_c0.45_clip_20-23min.jpg,,03262,0.45
crop_2048_f03263_c0.47_clip_20-23min.jpg,,03263,0.47
crop_2049_f03264_c0.60_clip_20-23min.jpg,,03264,0.60
crop_2050_f03265_c0.64_clip_20-23min.jpg,,03265,0.64
crop_2051_f03266_c0.63_clip_20-23min.jpg,,03266,0.63
crop_2052_f03267_c0.50_clip_20-23min.jpg,,03267,0.50
crop_2053_f03268_c0.62_clip_20-23min.jpg,,03268,0.62
crop_2054_f03269_c0.56_clip_20-23min.jpg,,03269,0.56
crop_2055_f03269_c0.50_clip_20-23min.jpg,,03269,0.50
crop_2056_f03269_c0.50_clip_20-23min.jpg,,03269,0.50
crop_2057_f03270_c0.45_clip_20-23min.jpg,,03270,0.45
crop_2058_f03271_c0.47_clip_20-23min.jpg,,03271,0.47
crop_2059_f03272_c0.55_clip_20-23min.jpg,,03272,0.55
crop_2060_f03273_c0.46_clip_20-23min.jpg,,03273,0.46
crop_2061_f03288_c0.36_clip_20-23min.jpg,,03288,0.36
crop_2062_f03288_c0.35_clip_20-23min.jpg,,03288,0.35
crop_2063_f03290_c0.38_clip_20-23min.jpg,,03290,0.38
crop_2064_f03291_c0.40_clip_20-23min.jpg,,03291,0.40
crop_2065_f03291_c0.38_clip_20-23min.jpg,,03291,0.38
crop_2066_f03292_c0.37_clip_20-23min.jpg,,03292,0.37
crop_2067_f03294_c0.37_clip_20-23min.jpg,,03294,0.37
crop_2068_f03295_c0.38_clip_20-23min.jpg,,03295,0.38
crop_2069_f03297_c0.46_clip_20-23min.jpg,,03297,0.46
crop_2070_f03298_c0.43_clip_20-23min.jpg,,03298,0.43
crop_2071_f03298_c0.39_clip_20-23min.jpg,,03298,0.39
crop_2072_f03299_c0.57_clip_20-23min.jpg,,03299,0.57
crop_2073_f03300_c0.59_clip_20-23min.jpg,,03300,0.59
crop_2074_f03301_c0.56_clip_20-23min.jpg,,03301,0.56
crop_2075_f03301_c0.41_clip_20-23min.jpg,,03301,0.41
crop_2076_f03302_c0.43_clip_20-23min.jpg,,03302,0.43
crop_2077_f03302_c0.35_clip_20-23min.jpg,,03302,0.35
crop_2078_f03303_c0.43_clip_20-23min.jpg,,03303,0.43
crop_2079_f03306_c0.37_clip_20-23min.jpg,,03306,0.37
crop_2080_f03308_c0.41_clip_20-23min.jpg,,03308,0.41
crop_2081_f03316_c0.38_clip_20-23min.jpg,,03316,0.38
crop_2082_f03317_c0.40_clip_20-23min.jpg,,03317,0.40
crop_2083_f03318_c0.37_clip_20-23min.jpg,,03318,0.37
crop_2084_f03319_c0.37_clip_20-23min.jpg,,03319,0.37
crop_2085_f03327_c0.36_clip_20-23min.jpg,,03327,0.36
crop_2086_f03328_c0.52_clip_20-23min.jpg,,03328,0.52
crop_2087_f03338_c0.38_clip_20-23min.jpg,,03338,0.38
crop_2088_f03351_c0.36_clip_20-23min.jpg,,03351,0.36
crop_2089_f03354_c0.39_clip_20-23min.jpg,,03354,0.39
crop_2090_f03356_c0.41_clip_20-23min.jpg,,03356,0.41
crop_2091_f03357_c0.37_clip_20-23min.jpg,,03357,0.37
crop_2092_f03361_c0.36_clip_20-23min.jpg,,03361,0.36
crop_2093_f03365_c0.46_clip_20-23min.jpg,,03365,0.46
crop_2094_f03366_c0.39_clip_20-23min.jpg,,03366,0.39
crop_2095_f03367_c0.36_clip_20-23min.jpg,,03367,0.36
crop_2096_f03368_c0.39_clip_20-23min.jpg,,03368,0.39
crop_2097_f03369_c0.38_clip_20-23min.jpg,,03369,0.38
crop_2098_f03371_c0.49_clip_20-23min.jpg,,03371,0.49
crop_2099_f03371_c0.37_clip_20-23min.jpg,,03371,0.37
crop_2100_f03374_c0.43_clip_20-23min.jpg,,03374,0.43
crop_2101_f03374_c0.36_clip_20-23min.jpg,,03374,0.36
crop_2102_f03375_c0.49_clip_20-23min.jpg,,03375,0.49
crop_2103_f03376_c0.49_clip_20-23min.jpg,,03376,0.49
crop_2104_f03379_c0.49_clip_20-23min.jpg,,03379,0.49
crop_2105_f03380_c0.40_clip_20-23min.jpg,,03380,0.40
crop_2106_f03381_c0.56_clip_20-23min.jpg,,03381,0.56
crop_2107_f03386_c0.36_clip_20-23min.jpg,,03386,0.36
crop_2108_f03388_c0.41_clip_20-23min.jpg,,03388,0.41
crop_2109_f03389_c0.38_clip_20-23min.jpg,,03389,0.38
crop_2110_f03390_c0.43_clip_20-23min.jpg,,03390,0.43
crop_2111_f03390_c0.35_clip_20-23min.jpg,,03390,0.35
crop_2112_f03391_c0.53_clip_20-23min.jpg,,03391,0.53
crop_2113_f03391_c0.46_clip_20-23min.jpg,,03391,0.46
crop_2114_f03392_c0.57_clip_20-23min.jpg,,03392,0.57
crop_2115_f03392_c0.38_clip_20-23min.jpg,,03392,0.38
crop_2116_f03393_c0.56_clip_20-23min.jpg,,03393,0.56
crop_2117_f03394_c0.59_clip_20-23min.jpg,,03394,0.59
crop_2118_f03395_c0.50_clip_20-23min.jpg,,03395,0.50
crop_2119_f03396_c0.54_clip_20-23min.jpg,,03396,0.54
crop_2120_f03396_c0.47_clip_20-23min.jpg,,03396,0.47
crop_2121_f03397_c0.54_clip_20-23min.jpg,,03397,0.54
crop_2122_f03398_c0.53_clip_20-23min.jpg,,03398,0.53
crop_2123_f03398_c0.53_clip_20-23min.jpg,,03398,0.53
crop_2124_f03398_c0.36_clip_20-23min.jpg,,03398,0.36
crop_2125_f03399_c0.58_clip_20-23min.jpg,,03399,0.58
crop_2126_f03399_c0.50_clip_20-23min.jpg,,03399,0.50
crop_2127_f03400_c0.36_clip_20-23min.jpg,,03400,0.36
crop_2128_f03400_c0.36_clip_20-23min.jpg,,03400,0.36
crop_2129_f03401_c0.46_clip_20-23min.jpg,,03401,0.46
crop_2130_f03401_c0.38_clip_20-23min.jpg,,03401,0.38
crop_2131_f03402_c0.53_clip_20-23min.jpg,,03402,0.53
crop_2132_f03403_c0.36_clip_20-23min.jpg,,03403,0.36
crop_2133_f03404_c0.43_clip_20-23min.jpg,,03404,0.43
crop_2134_f03404_c0.43_clip_20-23min.jpg,,03404,0.43
crop_2135_f03404_c0.40_clip_20-23min.jpg,,03404,0.40
crop_2136_f03405_c0.46_clip_20-23min.jpg,,03405,0.46
crop_2137_f03405_c0.39_clip_20-23min.jpg,,03405,0.39
crop_2138_f03405_c0.38_clip_20-23min.jpg,,03405,0.38
crop_2139_f03406_c0.61_clip_20-23min.jpg,,03406,0.61
crop_2140_f03407_c0.39_clip_20-23min.jpg,,03407,0.39
crop_2141_f03408_c0.50_clip_20-23min.jpg,,03408,0.50
crop_2142_f03409_c0.35_clip_20-23min.jpg,,03409,0.35
crop_2143_f03410_c0.45_clip_20-23min.jpg,,03410,0.45
crop_2144_f03410_c0.43_clip_20-23min.jpg,,03410,0.43
crop_2145_f03410_c0.40_clip_20-23min.jpg,,03410,0.40
crop_2146_f03411_c0.51_clip_20-23min.jpg,,03411,0.51
crop_2147_f03413_c0.55_clip_20-23min.jpg,,03413,0.55
crop_2148_f03413_c0.53_clip_20-23min.jpg,,03413,0.53
crop_2149_f03414_c0.45_clip_20-23min.jpg,,03414,0.45
crop_2150_f03414_c0.39_clip_20-23min.jpg,,03414,0.39
crop_2151_f03415_c0.40_clip_20-23min.jpg,,03415,0.40
crop_2152_f03416_c0.44_clip_20-23min.jpg,,03416,0.44
crop_2153_f03416_c0.43_clip_20-23min.jpg,,03416,0.43
crop_2154_f03417_c0.54_clip_20-23min.jpg,,03417,0.54
crop_2155_f03417_c0.53_clip_20-23min.jpg,,03417,0.53
crop_2156_f03418_c0.46_clip_20-23min.jpg,,03418,0.46
crop_2157_f03419_c0.51_clip_20-23min.jpg,,03419,0.51
crop_2158_f03420_c0.44_clip_20-23min.jpg,,03420,0.44
crop_2159_f03421_c0.58_clip_20-23min.jpg,,03421,0.58
crop_2160_f03421_c0.44_clip_20-23min.jpg,,03421,0.44
crop_2161_f03422_c0.55_clip_20-23min.jpg,,03422,0.55
crop_2162_f03422_c0.41_clip_20-23min.jpg,,03422,0.41
crop_2163_f03423_c0.62_clip_20-23min.jpg,,03423,0.62
crop_2164_f03423_c0.45_clip_20-23min.jpg,,03423,0.45
crop_2165_f03424_c0.54_clip_20-23min.jpg,,03424,0.54
crop_2166_f03424_c0.38_clip_20-23min.jpg,,03424,0.38
crop_2167_f03424_c0.37_clip_20-23min.jpg,,03424,0.37
crop_2168_f03425_c0.54_clip_20-23min.jpg,,03425,0.54
crop_2169_f03426_c0.60_clip_20-23min.jpg,,03426,0.60
crop_2170_f03427_c0.56_clip_20-23min.jpg,,03427,0.56
crop_2171_f03428_c0.48_clip_20-23min.jpg,,03428,0.48
crop_2172_f03429_c0.38_clip_20-23min.jpg,,03429,0.38
crop_2173_f03429_c0.36_clip_20-23min.jpg,,03429,0.36
crop_2174_f03430_c0.50_clip_20-23min.jpg,,03430,0.50
crop_2175_f03430_c0.35_clip_20-23min.jpg,,03430,0.35
crop_2176_f03435_c0.48_clip_20-23min.jpg,,03435,0.48
crop_2177_f03440_c0.57_clip_20-23min.jpg,,03440,0.57
crop_2178_f03440_c0.46_clip_20-23min.jpg,,03440,0.46
crop_2179_f03441_c0.56_clip_20-23min.jpg,,03441,0.56
crop_2180_f03442_c0.42_clip_20-23min.jpg,,03442,0.42
crop_2181_f03446_c0.48_clip_20-23min.jpg,,03446,0.48
crop_2182_f03450_c0.36_clip_20-23min.jpg,,03450,0.36
crop_2183_f03453_c0.43_clip_20-23min.jpg,,03453,0.43
crop_2184_f03453_c0.41_clip_20-23min.jpg,,03453,0.41
crop_2185_f03454_c0.40_clip_20-23min.jpg,,03454,0.40
crop_2186_f03454_c0.36_clip_20-23min.jpg,,03454,0.36
crop_2187_f03455_c0.37_clip_20-23min.jpg,,03455,0.37
crop_2188_f03455_c0.37_clip_20-23min.jpg,,03455,0.37
crop_2189_f03456_c0.36_clip_20-23min.jpg,,03456,0.36
crop_2190_f03457_c0.36_clip_20-23min.jpg,,03457,0.36
crop_2191_f03458_c0.36_clip_20-23min.jpg,,03458,0.36
crop_2192_f03461_c0.46_clip_20-23min.jpg,,03461,0.46
crop_2193_f03467_c0.37_clip_20-23min.jpg,,03467,0.37
crop_2194_f03468_c0.43_clip_20-23min.jpg,,03468,0.43
crop_2195_f03468_c0.35_clip_20-23min.jpg,,03468,0.35
crop_2196_f03469_c0.42_clip_20-23min.jpg,,03469,0.42
crop_2197_f03469_c0.35_clip_20-23min.jpg,,03469,0.35
crop_2198_f03470_c0.43_clip_20-23min.jpg,,03470,0.43
crop_2199_f03471_c0.42_clip_20-23min.jpg,,03471,0.42
crop_2200_f03471_c0.37_clip_20-23min.jpg,,03471,0.37
crop_2201_f03471_c0.36_clip_20-23min.jpg,,03471,0.36
crop_2202_f03472_c0.41_clip_20-23min.jpg,,03472,0.41
crop_2203_f03473_c0.44_clip_20-23min.jpg,,03473,0.44
crop_2204_f03474_c0.44_clip_20-23min.jpg,,03474,0.44
crop_2205_f03475_c0.50_clip_20-23min.jpg,,03475,0.50
crop_2206_f03476_c0.54_clip_20-23min.jpg,,03476,0.54
crop_2207_f03477_c0.53_clip_20-23min.jpg,,03477,0.53
crop_2208_f03478_c0.41_clip_20-23min.jpg,,03478,0.41
crop_2209_f03480_c0.36_clip_20-23min.jpg,,03480,0.36
crop_2210_f03482_c0.49_clip_20-23min.jpg,,03482,0.49
crop_2211_f03482_c0.39_clip_20-23min.jpg,,03482,0.39
crop_2212_f03485_c0.46_clip_20-23min.jpg,,03485,0.46
crop_2213_f03485_c0.43_clip_20-23min.jpg,,03485,0.43
crop_2214_f03486_c0.49_clip_20-23min.jpg,,03486,0.49
crop_2215_f03486_c0.45_clip_20-23min.jpg,,03486,0.45
crop_2216_f03487_c0.42_clip_20-23min.jpg,,03487,0.42
crop_2217_f03488_c0.39_clip_20-23min.jpg,,03488,0.39
crop_2218_f03489_c0.41_clip_20-23min.jpg,,03489,0.41
crop_2219_f03490_c0.36_clip_20-23min.jpg,,03490,0.36
crop_2220_f03491_c0.42_clip_20-23min.jpg,,03491,0.42
crop_2221_f03492_c0.47_clip_20-23min.jpg,,03492,0.47
crop_2222_f03492_c0.39_clip_20-23min.jpg,,03492,0.39
crop_2223_f03492_c0.39_clip_20-23min.jpg,,03492,0.39
crop_2224_f03493_c0.43_clip_20-23min.jpg,,03493,0.43
crop_2225_f03493_c0.40_clip_20-23min.jpg,,03493,0.40
crop_2226_f03494_c0.41_clip_20-23min.jpg,,03494,0.41
crop_2227_f03495_c0.39_clip_20-23min.jpg,,03495,0.39
crop_2228_f03495_c0.38_clip_20-23min.jpg,,03495,0.38
crop_2229_f03496_c0.56_clip_20-23min.jpg,,03496,0.56
crop_2230_f03496_c0.36_clip_20-23min.jpg,,03496,0.36
crop_2231_f03496_c0.36_clip_20-23min.jpg,,03496,0.36
crop_2232_f03496_c0.36_clip_20-23min.jpg,,03496,0.36
crop_2233_f03497_c0.56_clip_20-23min.jpg,,03497,0.56
crop_2234_f03497_c0.39_clip_20-23min.jpg,,03497,0.39
crop_2235_f03497_c0.37_clip_20-23min.jpg,,03497,0.37
crop_2236_f03498_c0.38_clip_20-23min.jpg,,03498,0.38
crop_2237_f03499_c0.50_clip_20-23min.jpg,,03499,0.50
crop_2238_f03500_c0.58_clip_20-23min.jpg,,03500,0.58
crop_2239_f03500_c0.40_clip_20-23min.jpg,,03500,0.40
crop_2240_f03502_c0.56_clip_20-23min.jpg,,03502,0.56
crop_2241_f03503_c0.56_clip_20-23min.jpg,,03503,0.56
crop_2242_f03503_c0.45_clip_20-23min.jpg,,03503,0.45
crop_2243_f03504_c0.43_clip_20-23min.jpg,,03504,0.43
crop_2244_f03505_c0.57_clip_20-23min.jpg,,03505,0.57
crop_2245_f03506_c0.57_clip_20-23min.jpg,,03506,0.57
crop_2246_f03506_c0.52_clip_20-23min.jpg,,03506,0.52
crop_2247_f03507_c0.50_clip_20-23min.jpg,,03507,0.50
crop_2248_f03507_c0.46_clip_20-23min.jpg,,03507,0.46
crop_2249_f03508_c0.54_clip_20-23min.jpg,,03508,0.54
crop_2250_f03508_c0.38_clip_20-23min.jpg,,03508,0.38
crop_2251_f03509_c0.60_clip_20-23min.jpg,,03509,0.60
crop_2252_f03510_c0.52_clip_20-23min.jpg,,03510,0.52
crop_2253_f03510_c0.37_clip_20-23min.jpg,,03510,0.37
crop_2254_f03511_c0.50_clip_20-23min.jpg,,03511,0.50
crop_2255_f03511_c0.44_clip_20-23min.jpg,,03511,0.44
crop_2256_f03511_c0.44_clip_20-23min.jpg,,03511,0.44
crop_2257_f03511_c0.36_clip_20-23min.jpg,,03511,0.36
crop_2258_f03512_c0.48_clip_20-23min.jpg,,03512,0.48
crop_2259_f03512_c0.42_clip_20-23min.jpg,,03512,0.42
crop_2260_f03512_c0.39_clip_20-23min.jpg,,03512,0.39
crop_2261_f03512_c0.36_clip_20-23min.jpg,,03512,0.36
crop_2262_f03513_c0.57_clip_20-23min.jpg,,03513,0.57
crop_2263_f03514_c0.53_clip_20-23min.jpg,,03514,0.53
crop_2264_f03514_c0.43_clip_20-23min.jpg,,03514,0.43
crop_2265_f03514_c0.39_clip_20-23min.jpg,,03514,0.39
crop_2266_f03515_c0.73_clip_20-23min.jpg,,03515,0.73
crop_2267_f03515_c0.50_clip_20-23min.jpg,,03515,0.50
crop_2268_f03516_c0.63_clip_20-23min.jpg,,03516,0.63
crop_2269_f03516_c0.53_clip_20-23min.jpg,,03516,0.53
crop_2270_f03516_c0.36_clip_20-23min.jpg,,03516,0.36
crop_2271_f03517_c0.45_clip_20-23min.jpg,,03517,0.45
crop_2272_f03517_c0.42_clip_20-23min.jpg,,03517,0.42
crop_2273_f03517_c0.39_clip_20-23min.jpg,,03517,0.39
crop_2274_f03518_c0.50_clip_20-23min.jpg,,03518,0.50
crop_2275_f03518_c0.47_clip_20-23min.jpg,,03518,0.47
crop_2276_f03518_c0.44_clip_20-23min.jpg,,03518,0.44
crop_2277_f03519_c0.57_clip_20-23min.jpg,,03519,0.57
crop_2278_f03519_c0.42_clip_20-23min.jpg,,03519,0.42
crop_2279_f03520_c0.51_clip_20-23min.jpg,,03520,0.51
crop_2280_f03520_c0.36_clip_20-23min.jpg,,03520,0.36
crop_2281_f03521_c0.38_clip_20-23min.jpg,,03521,0.38
crop_2282_f03522_c0.46_clip_20-23min.jpg,,03522,0.46
crop_2283_f03523_c0.47_clip_20-23min.jpg,,03523,0.47
crop_2284_f03524_c0.52_clip_20-23min.jpg,,03524,0.52
crop_2285_f03524_c0.42_clip_20-23min.jpg,,03524,0.42
crop_2286_f03526_c0.40_clip_20-23min.jpg,,03526,0.40
crop_2287_f03526_c0.37_clip_20-23min.jpg,,03526,0.37
crop_2288_f03528_c0.48_clip_20-23min.jpg,,03528,0.48
crop_2289_f03529_c0.44_clip_20-23min.jpg,,03529,0.44
crop_2290_f03529_c0.41_clip_20-23min.jpg,,03529,0.41
crop_2291_f03531_c0.47_clip_20-23min.jpg,,03531,0.47
crop_2292_f03532_c0.40_clip_20-23min.jpg,,03532,0.40
crop_2293_f03533_c0.40_clip_20-23min.jpg,,03533,0.40
crop_2294_f03535_c0.37_clip_20-23min.jpg,,03535,0.37
crop_2295_f03536_c0.37_clip_20-23min.jpg,,03536,0.37
crop_2296_f03537_c0.51_clip_20-23min.jpg,,03537,0.51
crop_2297_f03545_c0.38_clip_20-23min.jpg,,03545,0.38
crop_2298_f03547_c0.43_clip_20-23min.jpg,,03547,0.43
crop_2299_f03550_c0.48_clip_20-23min.jpg,,03550,0.48
crop_2300_f03550_c0.35_clip_20-23min.jpg,,03550,0.35
crop_2301_f03553_c0.40_clip_20-23min.jpg,,03553,0.40
crop_2302_f03554_c0.40_clip_20-23min.jpg,,03554,0.40
crop_2303_f03555_c0.48_clip_20-23min.jpg,,03555,0.48
crop_2304_f03556_c0.48_clip_20-23min.jpg,,03556,0.48
crop_2305_f03556_c0.43_clip_20-23min.jpg,,03556,0.43
crop_2306_f03557_c0.55_clip_20-23min.jpg,,03557,0.55
crop_2307_f03557_c0.53_clip_20-23min.jpg,,03557,0.53
crop_2308_f03558_c0.48_clip_20-23min.jpg,,03558,0.48
crop_2309_f03558_c0.45_clip_20-23min.jpg,,03558,0.45
crop_2310_f03558_c0.43_clip_20-23min.jpg,,03558,0.43
crop_2311_f03559_c0.56_clip_20-23min.jpg,,03559,0.56
crop_2312_f03559_c0.41_clip_20-23min.jpg,,03559,0.41
crop_2313_f03560_c0.46_clip_20-23min.jpg,,03560,0.46
crop_2314_f03560_c0.40_clip_20-23min.jpg,,03560,0.40
crop_2315_f03563_c0.40_clip_20-23min.jpg,,03563,0.40
crop_2316_f03563_c0.39_clip_20-23min.jpg,,03563,0.39
crop_2317_f03564_c0.47_clip_20-23min.jpg,,03564,0.47
crop_2318_f03564_c0.40_clip_20-23min.jpg,,03564,0.40
crop_2319_f03565_c0.46_clip_20-23min.jpg,,03565,0.46
crop_2320_f03565_c0.42_clip_20-23min.jpg,,03565,0.42
crop_2321_f03565_c0.40_clip_20-23min.jpg,,03565,0.40
crop_2322_f03566_c0.47_clip_20-23min.jpg,,03566,0.47
crop_2323_f03567_c0.45_clip_20-23min.jpg,,03567,0.45
crop_2324_f03568_c0.58_clip_20-23min.jpg,,03568,0.58
crop_2325_f03568_c0.39_clip_20-23min.jpg,,03568,0.39
crop_2326_f03569_c0.50_clip_20-23min.jpg,,03569,0.50
crop_2327_f03570_c0.40_clip_20-23min.jpg,,03570,0.40
crop_2328_f03572_c0.40_clip_20-23min.jpg,,03572,0.40
crop_2329_f03573_c0.47_clip_20-23min.jpg,,03573,0.47
crop_2330_f03574_c0.56_clip_20-23min.jpg,,03574,0.56
crop_2331_f03574_c0.37_clip_20-23min.jpg,,03574,0.37
crop_2332_f03575_c0.49_clip_20-23min.jpg,,03575,0.49
crop_2333_f03575_c0.42_clip_20-23min.jpg,,03575,0.42
crop_2334_f03576_c0.57_clip_20-23min.jpg,,03576,0.57
crop_2335_f03576_c0.46_clip_20-23min.jpg,,03576,0.46
crop_2336_f03576_c0.38_clip_20-23min.jpg,,03576,0.38
crop_2337_f03577_c0.67_clip_20-23min.jpg,,03577,0.67
crop_2338_f03577_c0.45_clip_20-23min.jpg,,03577,0.45
crop_2339_f03578_c0.49_clip_20-23min.jpg,,03578,0.49
crop_2340_f03579_c0.60_clip_20-23min.jpg,,03579,0.60
crop_2341_f03579_c0.47_clip_20-23min.jpg,,03579,0.47
crop_2342_f03579_c0.42_clip_20-23min.jpg,,03579,0.42
crop_2343_f03580_c0.70_clip_20-23min.jpg,,03580,0.70
crop_2344_f03581_c0.40_clip_20-23min.jpg,,03581,0.40
crop_2345_f03582_c0.52_clip_20-23min.jpg,,03582,0.52
crop_2346_f03582_c0.50_clip_20-23min.jpg,,03582,0.50
crop_2347_f03583_c0.62_clip_20-23min.jpg,,03583,0.62
crop_2348_f03584_c0.71_clip_20-23min.jpg,,03584,0.71
crop_2349_f03584_c0.45_clip_20-23min.jpg,,03584,0.45
crop_2350_f03584_c0.39_clip_20-23min.jpg,,03584,0.39
crop_2351_f03585_c0.70_clip_20-23min.jpg,,03585,0.70
crop_2352_f03585_c0.37_clip_20-23min.jpg,,03585,0.37
crop_2353_f03586_c0.52_clip_20-23min.jpg,,03586,0.52
crop_2354_f03586_c0.37_clip_20-23min.jpg,,03586,0.37
crop_2355_f03587_c0.50_clip_20-23min.jpg,,03587,0.50
crop_2356_f03588_c0.51_clip_20-23min.jpg,,03588,0.51
crop_2357_f03589_c0.51_clip_20-23min.jpg,,03589,0.51
crop_2358_f03590_c0.57_clip_20-23min.jpg,,03590,0.57
crop_2359_f03590_c0.42_clip_20-23min.jpg,,03590,0.42
crop_2360_f03591_c0.44_clip_20-23min.jpg,,03591,0.44
crop_2361_f03593_c0.68_clip_20-23min.jpg,,03593,0.68
crop_2362_f03593_c0.40_clip_20-23min.jpg,,03593,0.40
crop_2363_f03594_c0.79_clip_20-23min.jpg,,03594,0.79
crop_2364_f03594_c0.43_clip_20-23min.jpg,,03594,0.43
crop_2365_f03595_c0.71_clip_20-23min.jpg,,03595,0.71
crop_2366_f03595_c0.37_clip_20-23min.jpg,,03595,0.37
crop_2367_f03595_c0.37_clip_20-23min.jpg,,03595,0.37
crop_2368_f03596_c0.58_clip_20-23min.jpg,,03596,0.58
crop_2369_f03596_c0.40_clip_20-23min.jpg,,03596,0.40
crop_2370_f03597_c0.64_clip_20-23min.jpg,,03597,0.64
crop_2371_f03597_c0.40_clip_20-23min.jpg,,03597,0.40
crop_2372_f03598_c0.69_clip_20-23min.jpg,,03598,0.69
crop_2373_f03598_c0.37_clip_20-23min.jpg,,03598,0.37
crop_2374_f03599_c0.42_clip_20-23min.jpg,,03599,0.42
crop_2375_f03600_c0.76_clip_20-23min.jpg,,03600,0.76
crop_2376_f03600_c0.50_clip_20-23min.jpg,,03600,0.50
crop_2377_f03601_c0.58_clip_20-23min.jpg,,03601,0.58
crop_2378_f03602_c0.60_clip_20-23min.jpg,,03602,0.60
crop_2379_f03602_c0.35_clip_20-23min.jpg,,03602,0.35
crop_2380_f03603_c0.68_clip_20-23min.jpg,,03603,0.68
crop_2381_f03604_c0.49_clip_20-23min.jpg,,03604,0.49
crop_2382_f03605_c0.66_clip_20-23min.jpg,,03605,0.66
crop_2383_f03606_c0.64_clip_20-23min.jpg,,03606,0.64
crop_2384_f03606_c0.47_clip_20-23min.jpg,,03606,0.47
crop_2385_f03607_c0.71_clip_20-23min.jpg,,03607,0.71
crop_2386_f03608_c0.72_clip_20-23min.jpg,,03608,0.72
crop_2387_f03609_c0.45_clip_20-23min.jpg,,03609,0.45
crop_2388_f03610_c0.57_clip_20-23min.jpg,,03610,0.57
crop_2389_f03610_c0.52_clip_20-23min.jpg,,03610,0.52
crop_2390_f03611_c0.63_clip_20-23min.jpg,,03611,0.63
crop_2391_f03611_c0.44_clip_20-23min.jpg,,03611,0.44
crop_2392_f03611_c0.37_clip_20-23min.jpg,,03611,0.37
crop_2393_f03612_c0.64_clip_20-23min.jpg,,03612,0.64
crop_2394_f03612_c0.49_clip_20-23min.jpg,,03612,0.49
crop_2395_f03612_c0.43_clip_20-23min.jpg,,03612,0.43
crop_2396_f03613_c0.77_clip_20-23min.jpg,,03613,0.77
crop_2397_f03613_c0.53_clip_20-23min.jpg,,03613,0.53
crop_2398_f03613_c0.38_clip_20-23min.jpg,,03613,0.38
crop_2399_f03614_c0.54_clip_20-23min.jpg,,03614,0.54
crop_2400_f03615_c0.58_clip_20-23min.jpg,,03615,0.58
crop_2401_f03615_c0.36_clip_20-23min.jpg,,03615,0.36
crop_2402_f03616_c0.66_clip_20-23min.jpg,,03616,0.66
crop_2403_f03617_c0.47_clip_20-23min.jpg,,03617,0.47
crop_2404_f03617_c0.38_clip_20-23min.jpg,,03617,0.38
crop_2405_f03618_c0.44_clip_20-23min.jpg,,03618,0.44
crop_2406_f03618_c0.44_clip_20-23min.jpg,,03618,0.44
crop_2407_f03619_c0.35_clip_20-23min.jpg,,03619,0.35
crop_2408_f03621_c0.47_clip_20-23min.jpg,,03621,0.47
crop_2409_f03621_c0.43_clip_20-23min.jpg,,03621,0.43
crop_2410_f03621_c0.38_clip_20-23min.jpg,,03621,0.38
crop_2411_f03622_c0.51_clip_20-23min.jpg,,03622,0.51
crop_2412_f03622_c0.42_clip_20-23min.jpg,,03622,0.42
crop_2413_f03627_c0.42_clip_20-23min.jpg,,03627,0.42
crop_2414_f03627_c0.37_clip_20-23min.jpg,,03627,0.37
crop_2415_f03628_c0.49_clip_20-23min.jpg,,03628,0.49
crop_2416_f03629_c0.48_clip_20-23min.jpg,,03629,0.48
crop_2417_f03630_c0.59_clip_20-23min.jpg,,03630,0.59
crop_2418_f03630_c0.49_clip_20-23min.jpg,,03630,0.49
crop_2419_f03631_c0.57_clip_20-23min.jpg,,03631,0.57
crop_2420_f03632_c0.61_clip_20-23min.jpg,,03632,0.61
crop_2421_f03632_c0.41_clip_20-23min.jpg,,03632,0.41
crop_2422_f03632_c0.37_clip_20-23min.jpg,,03632,0.37
crop_2423_f03633_c0.59_clip_20-23min.jpg,,03633,0.59
crop_2424_f03633_c0.40_clip_20-23min.jpg,,03633,0.40
crop_2425_f03634_c0.46_clip_20-23min.jpg,,03634,0.46
crop_2426_f03634_c0.37_clip_20-23min.jpg,,03634,0.37
crop_2427_f03635_c0.51_clip_20-23min.jpg,,03635,0.51
crop_2428_f03635_c0.46_clip_20-23min.jpg,,03635,0.46
crop_2429_f03636_c0.48_clip_20-23min.jpg,,03636,0.48
crop_2430_f03636_c0.37_clip_20-23min.jpg,,03636,0.37
crop_2431_f03637_c0.53_clip_20-23min.jpg,,03637,0.53
crop_2432_f03637_c0.43_clip_20-23min.jpg,,03637,0.43
crop_2433_f03638_c0.69_clip_20-23min.jpg,,03638,0.69
crop_2434_f03638_c0.41_clip_20-23min.jpg,,03638,0.41
crop_2435_f03638_c0.41_clip_20-23min.jpg,,03638,0.41
crop_2436_f03639_c0.77_clip_20-23min.jpg,,03639,0.77
crop_2437_f03639_c0.54_clip_20-23min.jpg,,03639,0.54
crop_2438_f03640_c0.77_clip_20-23min.jpg,,03640,0.77
crop_2439_f03640_c0.51_clip_20-23min.jpg,,03640,0.51
crop_2440_f03640_c0.48_clip_20-23min.jpg,,03640,0.48
crop_2441_f03641_c0.74_clip_20-23min.jpg,,03641,0.74
crop_2442_f03641_c0.38_clip_20-23min.jpg,,03641,0.38
crop_2443_f03642_c0.64_clip_20-23min.jpg,,03642,0.64
crop_2444_f03642_c0.38_clip_20-23min.jpg,,03642,0.38
crop_2445_f03643_c0.72_clip_20-23min.jpg,,03643,0.72
crop_2446_f03643_c0.37_clip_20-23min.jpg,,03643,0.37
crop_2447_f03644_c0.74_clip_20-23min.jpg,,03644,0.74
crop_2448_f03644_c0.42_clip_20-23min.jpg,,03644,0.42
crop_2449_f03645_c0.66_clip_20-23min.jpg,,03645,0.66
crop_2450_f03645_c0.51_clip_20-23min.jpg,,03645,0.51
crop_2451_f03646_c0.64_clip_20-23min.jpg,,03646,0.64
crop_2452_f03646_c0.52_clip_20-23min.jpg,,03646,0.52
crop_2453_f03647_c0.59_clip_20-23min.jpg,,03647,0.59
crop_2454_f03647_c0.53_clip_20-23min.jpg,,03647,0.53
crop_2455_f03647_c0.36_clip_20-23min.jpg,,03647,0.36
crop_2456_f03648_c0.54_clip_20-23min.jpg,,03648,0.54
crop_2457_f03648_c0.51_clip_20-23min.jpg,,03648,0.51
crop_2458_f03649_c0.67_clip_20-23min.jpg,,03649,0.67
crop_2459_f03649_c0.35_clip_20-23min.jpg,,03649,0.35
crop_2460_f03650_c0.71_clip_20-23min.jpg,,03650,0.71
crop_2461_f03650_c0.36_clip_20-23min.jpg,,03650,0.36
crop_2462_f03651_c0.67_clip_20-23min.jpg,,03651,0.67
crop_2463_f03652_c0.62_clip_20-23min.jpg,,03652,0.62
crop_2464_f03653_c0.47_clip_20-23min.jpg,,03653,0.47
crop_2465_f03654_c0.69_clip_20-23min.jpg,,03654,0.69
crop_2466_f03655_c0.80_clip_20-23min.jpg,,03655,0.80
crop_2467_f03656_c0.79_clip_20-23min.jpg,,03656,0.79
crop_2468_f03656_c0.43_clip_20-23min.jpg,,03656,0.43
crop_2469_f03657_c0.72_clip_20-23min.jpg,,03657,0.72
crop_2470_f03658_c0.50_clip_20-23min.jpg,,03658,0.50
crop_2471_f03658_c0.42_clip_20-23min.jpg,,03658,0.42
crop_2472_f03659_c0.58_clip_20-23min.jpg,,03659,0.58
crop_2473_f03659_c0.41_clip_20-23min.jpg,,03659,0.41
crop_2474_f03660_c0.62_clip_20-23min.jpg,,03660,0.62
crop_2475_f03661_c0.59_clip_20-23min.jpg,,03661,0.59
crop_2476_f03661_c0.39_clip_20-23min.jpg,,03661,0.39
crop_2477_f03662_c0.43_clip_20-23min.jpg,,03662,0.43
crop_2478_f03663_c0.52_clip_20-23min.jpg,,03663,0.52
crop_2479_f03664_c0.45_clip_20-23min.jpg,,03664,0.45
crop_2480_f03665_c0.49_clip_20-23min.jpg,,03665,0.49
crop_2481_f03665_c0.49_clip_20-23min.jpg,,03665,0.49
crop_2482_f03666_c0.61_clip_20-23min.jpg,,03666,0.61
crop_2483_f03666_c0.56_clip_20-23min.jpg,,03666,0.56
crop_2484_f03666_c0.37_clip_20-23min.jpg,,03666,0.37
crop_2485_f03667_c0.56_clip_20-23min.jpg,,03667,0.56
crop_2486_f03667_c0.52_clip_20-23min.jpg,,03667,0.52
crop_2487_f03667_c0.39_clip_20-23min.jpg,,03667,0.39
crop_2488_f03668_c0.49_clip_20-23min.jpg,,03668,0.49
crop_2489_f03669_c0.43_clip_20-23min.jpg,,03669,0.43
crop_2490_f03675_c0.41_clip_20-23min.jpg,,03675,0.41
crop_2491_f03676_c0.36_clip_20-23min.jpg,,03676,0.36
crop_2492_f03677_c0.37_clip_20-23min.jpg,,03677,0.37
crop_2493_f03679_c0.53_clip_20-23min.jpg,,03679,0.53
crop_2494_f03679_c0.47_clip_20-23min.jpg,,03679,0.47
crop_2495_f03680_c0.61_clip_20-23min.jpg,,03680,0.61
crop_2496_f03681_c0.56_clip_20-23min.jpg,,03681,0.56
crop_2497_f03682_c0.38_clip_20-23min.jpg,,03682,0.38
crop_2498_f03683_c0.53_clip_20-23min.jpg,,03683,0.53
crop_2499_f03683_c0.40_clip_20-23min.jpg,,03683,0.40
crop_2500_f03684_c0.40_clip_20-23min.jpg,,03684,0.40
crop_2501_f03684_c0.36_clip_20-23min.jpg,,03684,0.36
crop_2502_f03686_c0.38_clip_20-23min.jpg,,03686,0.38
crop_2503_f03687_c0.45_clip_20-23min.jpg,,03687,0.45
crop_2504_f03688_c0.59_clip_20-23min.jpg,,03688,0.59
crop_2505_f03688_c0.35_clip_20-23min.jpg,,03688,0.35
crop_2506_f03692_c0.47_clip_20-23min.jpg,,03692,0.47
crop_2507_f03693_c0.39_clip_20-23min.jpg,,03693,0.39
crop_2508_f03693_c0.35_clip_20-23min.jpg,,03693,0.35
crop_2509_f03694_c0.50_clip_20-23min.jpg,,03694,0.50
crop_2510_f03695_c0.52_clip_20-23min.jpg,,03695,0.52
crop_2511_f03696_c0.50_clip_20-23min.jpg,,03696,0.50
crop_2512_f03696_c0.49_clip_20-23min.jpg,,03696,0.49
crop_2513_f03697_c0.43_clip_20-23min.jpg,,03697,0.43
crop_2514_f03697_c0.40_clip_20-23min.jpg,,03697,0.40
crop_2515_f03697_c0.35_clip_20-23min.jpg,,03697,0.35
crop_2516_f03699_c0.37_clip_20-23min.jpg,,03699,0.37
crop_2517_f03700_c0.40_clip_20-23min.jpg,,03700,0.40
crop_2518_f03700_c0.40_clip_20-23min.jpg,,03700,0.40
crop_2519_f03701_c0.55_clip_20-23min.jpg,,03701,0.55
crop_2520_f03702_c0.41_clip_20-23min.jpg,,03702,0.41
crop_2521_f03702_c0.38_clip_20-23min.jpg,,03702,0.38
crop_2522_f03703_c0.44_clip_20-23min.jpg,,03703,0.44
crop_2523_f03703_c0.41_clip_20-23min.jpg,,03703,0.41
crop_2524_f03703_c0.39_clip_20-23min.jpg,,03703,0.39
crop_2525_f03704_c0.45_clip_20-23min.jpg,,03704,0.45
crop_2526_f03704_c0.45_clip_20-23min.jpg,,03704,0.45
crop_2527_f03704_c0.39_clip_20-23min.jpg,,03704,0.39
crop_2528_f03705_c0.50_clip_20-23min.jpg,,03705,0.50
crop_2529_f03705_c0.47_clip_20-23min.jpg,,03705,0.47
crop_2530_f03706_c0.46_clip_20-23min.jpg,,03706,0.46
crop_2531_f03706_c0.45_clip_20-23min.jpg,,03706,0.45
crop_2532_f03706_c0.41_clip_20-23min.jpg,,03706,0.41
crop_2533_f03706_c0.41_clip_20-23min.jpg,,03706,0.41
crop_2534_f03707_c0.40_clip_20-23min.jpg,,03707,0.40
crop_2535_f03707_c0.39_clip_20-23min.jpg,,03707,0.39
crop_2536_f03707_c0.39_clip_20-23min.jpg,,03707,0.39
crop_2537_f03708_c0.38_clip_20-23min.jpg,,03708,0.38
crop_2538_f03709_c0.48_clip_20-23min.jpg,,03709,0.48
crop_2539_f03709_c0.40_clip_20-23min.jpg,,03709,0.40
crop_2540_f03710_c0.43_clip_20-23min.jpg,,03710,0.43
crop_2541_f03710_c0.40_clip_20-23min.jpg,,03710,0.40
crop_2542_f03711_c0.57_clip_20-23min.jpg,,03711,0.57
crop_2543_f03711_c0.50_clip_20-23min.jpg,,03711,0.50
crop_2544_f03711_c0.44_clip_20-23min.jpg,,03711,0.44
crop_2545_f03712_c0.41_clip_20-23min.jpg,,03712,0.41
crop_2546_f03712_c0.36_clip_20-23min.jpg,,03712,0.36
crop_2547_f03713_c0.57_clip_20-23min.jpg,,03713,0.57
crop_2548_f03713_c0.53_clip_20-23min.jpg,,03713,0.53
crop_2549_f03713_c0.51_clip_20-23min.jpg,,03713,0.51
crop_2550_f03713_c0.42_clip_20-23min.jpg,,03713,0.42
crop_2551_f03713_c0.42_clip_20-23min.jpg,,03713,0.42
crop_2552_f03714_c0.36_clip_20-23min.jpg,,03714,0.36
crop_2553_f03715_c0.42_clip_20-23min.jpg,,03715,0.42
crop_2554_f03715_c0.37_clip_20-23min.jpg,,03715,0.37
crop_2555_f03716_c0.46_clip_20-23min.jpg,,03716,0.46
crop_2556_f03717_c0.52_clip_20-23min.jpg,,03717,0.52
crop_2557_f03717_c0.50_clip_20-23min.jpg,,03717,0.50
crop_2558_f03717_c0.38_clip_20-23min.jpg,,03717,0.38
crop_2559_f03718_c0.46_clip_20-23min.jpg,,03718,0.46
crop_2560_f03718_c0.44_clip_20-23min.jpg,,03718,0.44
crop_2561_f03718_c0.37_clip_20-23min.jpg,,03718,0.37
crop_2562_f03719_c0.40_clip_20-23min.jpg,,03719,0.40
crop_2563_f03720_c0.54_clip_20-23min.jpg,,03720,0.54
crop_2564_f03720_c0.36_clip_20-23min.jpg,,03720,0.36
crop_2565_f03720_c0.36_clip_20-23min.jpg,,03720,0.36
crop_2566_f03720_c0.35_clip_20-23min.jpg,,03720,0.35
crop_2567_f03721_c0.61_clip_20-23min.jpg,,03721,0.61
crop_2568_f03721_c0.57_clip_20-23min.jpg,,03721,0.57
crop_2569_f03721_c0.49_clip_20-23min.jpg,,03721,0.49
crop_2570_f03721_c0.40_clip_20-23min.jpg,,03721,0.40
crop_2571_f03722_c0.59_clip_20-23min.jpg,,03722,0.59
crop_2572_f03722_c0.52_clip_20-23min.jpg,,03722,0.52
crop_2573_f03723_c0.47_clip_20-23min.jpg,,03723,0.47
crop_2574_f03723_c0.42_clip_20-23min.jpg,,03723,0.42
crop_2575_f03723_c0.39_clip_20-23min.jpg,,03723,0.39
crop_2576_f03724_c0.55_clip_20-23min.jpg,,03724,0.55
crop_2577_f03725_c0.38_clip_20-23min.jpg,,03725,0.38
crop_2578_f03725_c0.37_clip_20-23min.jpg,,03725,0.37
crop_2579_f03726_c0.55_clip_20-23min.jpg,,03726,0.55
crop_2580_f03726_c0.37_clip_20-23min.jpg,,03726,0.37
crop_2581_f03727_c0.51_clip_20-23min.jpg,,03727,0.51
crop_2582_f03727_c0.41_clip_20-23min.jpg,,03727,0.41
crop_2583_f03727_c0.40_clip_20-23min.jpg,,03727,0.40
crop_2584_f03728_c0.63_clip_20-23min.jpg,,03728,0.63
crop_2585_f03728_c0.54_clip_20-23min.jpg,,03728,0.54
crop_2586_f03728_c0.53_clip_20-23min.jpg,,03728,0.53
crop_2587_f03729_c0.69_clip_20-23min.jpg,,03729,0.69
crop_2588_f03730_c0.41_clip_20-23min.jpg,,03730,0.41
crop_2589_f03731_c0.56_clip_20-23min.jpg,,03731,0.56
crop_2590_f03731_c0.48_clip_20-23min.jpg,,03731,0.48
crop_2591_f03731_c0.44_clip_20-23min.jpg,,03731,0.44
crop_2592_f03731_c0.44_clip_20-23min.jpg,,03731,0.44
crop_2593_f03732_c0.50_clip_20-23min.jpg,,03732,0.50
crop_2594_f03732_c0.43_clip_20-23min.jpg,,03732,0.43
crop_2595_f03732_c0.42_clip_20-23min.jpg,,03732,0.42
crop_2596_f03732_c0.36_clip_20-23min.jpg,,03732,0.36
crop_2597_f03733_c0.52_clip_20-23min.jpg,,03733,0.52
crop_2598_f03733_c0.49_clip_20-23min.jpg,,03733,0.49
crop_2599_f03733_c0.40_clip_20-23min.jpg,,03733,0.40
crop_2600_f03734_c0.55_clip_20-23min.jpg,,03734,0.55
crop_2601_f03735_c0.55_clip_20-23min.jpg,,03735,0.55
crop_2602_f03735_c0.41_clip_20-23min.jpg,,03735,0.41
crop_2603_f03736_c0.49_clip_20-23min.jpg,,03736,0.49
crop_2604_f03737_c0.39_clip_20-23min.jpg,,03737,0.39
crop_2605_f03745_c0.46_clip_20-23min.jpg,,03745,0.46
crop_2606_f03745_c0.42_clip_20-23min.jpg,,03745,0.42
crop_2607_f03746_c0.68_clip_20-23min.jpg,,03746,0.68
crop_2608_f03746_c0.38_clip_20-23min.jpg,,03746,0.38
crop_2609_f03746_c0.38_clip_20-23min.jpg,,03746,0.38
crop_2610_f03747_c0.55_clip_20-23min.jpg,,03747,0.55
crop_2611_f03747_c0.39_clip_20-23min.jpg,,03747,0.39
crop_2612_f03747_c0.35_clip_20-23min.jpg,,03747,0.35
crop_2613_f03748_c0.41_clip_20-23min.jpg,,03748,0.41
crop_2614_f03749_c0.46_clip_20-23min.jpg,,03749,0.46
crop_2615_f03749_c0.40_clip_20-23min.jpg,,03749,0.40
crop_2616_f03750_c0.48_clip_20-23min.jpg,,03750,0.48
crop_2617_f03751_c0.46_clip_20-23min.jpg,,03751,0.46
crop_2618_f03751_c0.40_clip_20-23min.jpg,,03751,0.40
crop_2619_f03752_c0.45_clip_20-23min.jpg,,03752,0.45
crop_2620_f03752_c0.35_clip_20-23min.jpg,,03752,0.35
crop_2621_f03753_c0.38_clip_20-23min.jpg,,03753,0.38
crop_2622_f03755_c0.47_clip_20-23min.jpg,,03755,0.47
crop_2623_f03756_c0.39_clip_20-23min.jpg,,03756,0.39
crop_2624_f03758_c0.44_clip_20-23min.jpg,,03758,0.44
crop_2625_f03758_c0.41_clip_20-23min.jpg,,03758,0.41
crop_2626_f03759_c0.42_clip_20-23min.jpg,,03759,0.42
crop_2627_f03761_c0.53_clip_20-23min.jpg,,03761,0.53
crop_2628_f03761_c0.41_clip_20-23min.jpg,,03761,0.41
crop_2629_f03761_c0.35_clip_20-23min.jpg,,03761,0.35
crop_2630_f03762_c0.44_clip_20-23min.jpg,,03762,0.44
crop_2631_f03762_c0.44_clip_20-23min.jpg,,03762,0.44
crop_2632_f03763_c0.59_clip_20-23min.jpg,,03763,0.59
crop_2633_f03763_c0.47_clip_20-23min.jpg,,03763,0.47
crop_2634_f03764_c0.51_clip_20-23min.jpg,,03764,0.51
crop_2635_f03765_c0.53_clip_20-23min.jpg,,03765,0.53
crop_2636_f03766_c0.41_clip_20-23min.jpg,,03766,0.41
crop_2637_f03768_c0.38_clip_20-23min.jpg,,03768,0.38
crop_2638_f03769_c0.49_clip_20-23min.jpg,,03769,0.49
crop_2639_f03770_c0.37_clip_20-23min.jpg,,03770,0.37
crop_2640_f03771_c0.48_clip_20-23min.jpg,,03771,0.48
crop_2641_f03772_c0.58_clip_20-23min.jpg,,03772,0.58
crop_2642_f03772_c0.42_clip_20-23min.jpg,,03772,0.42
crop_2643_f03773_c0.71_clip_20-23min.jpg,,03773,0.71
crop_2644_f03773_c0.36_clip_20-23min.jpg,,03773,0.36
crop_2645_f03774_c0.48_clip_20-23min.jpg,,03774,0.48
crop_2646_f03775_c0.46_clip_20-23min.jpg,,03775,0.46
crop_2647_f03775_c0.46_clip_20-23min.jpg,,03775,0.46
crop_2648_f03776_c0.49_clip_20-23min.jpg,,03776,0.49
crop_2649_f03776_c0.43_clip_20-23min.jpg,,03776,0.43
crop_2650_f03777_c0.38_clip_20-23min.jpg,,03777,0.38
crop_2651_f03777_c0.37_clip_20-23min.jpg,,03777,0.37
crop_2652_f03778_c0.37_clip_20-23min.jpg,,03778,0.37
crop_2653_f03779_c0.63_clip_20-23min.jpg,,03779,0.63
crop_2654_f03780_c0.57_clip_20-23min.jpg,,03780,0.57
crop_2655_f03781_c0.62_clip_20-23min.jpg,,03781,0.62
crop_2656_f03782_c0.48_clip_20-23min.jpg,,03782,0.48
crop_2657_f03783_c0.59_clip_20-23min.jpg,,03783,0.59
crop_2658_f03783_c0.47_clip_20-23min.jpg,,03783,0.47
crop_2659_f03784_c0.69_clip_20-23min.jpg,,03784,0.69
crop_2660_f03784_c0.40_clip_20-23min.jpg,,03784,0.40
crop_2661_f03785_c0.63_clip_20-23min.jpg,,03785,0.63
crop_2662_f03786_c0.48_clip_20-23min.jpg,,03786,0.48
crop_2663_f03787_c0.54_clip_20-23min.jpg,,03787,0.54
crop_2664_f03787_c0.54_clip_20-23min.jpg,,03787,0.54
crop_2665_f03787_c0.49_clip_20-23min.jpg,,03787,0.49
crop_2666_f03787_c0.46_clip_20-23min.jpg,,03787,0.46
crop_2667_f03787_c0.42_clip_20-23min.jpg,,03787,0.42
crop_2668_f03787_c0.36_clip_20-23min.jpg,,03787,0.36
crop_2669_f03788_c0.50_clip_20-23min.jpg,,03788,0.50
crop_2670_f03789_c0.38_clip_20-23min.jpg,,03789,0.38
crop_2671_f03789_c0.36_clip_20-23min.jpg,,03789,0.36
crop_2672_f03790_c0.43_clip_20-23min.jpg,,03790,0.43
crop_2673_f03791_c0.59_clip_20-23min.jpg,,03791,0.59
crop_2674_f03791_c0.42_clip_20-23min.jpg,,03791,0.42
crop_2675_f03792_c0.73_clip_20-23min.jpg,,03792,0.73
crop_2676_f03792_c0.58_clip_20-23min.jpg,,03792,0.58
crop_2677_f03792_c0.38_clip_20-23min.jpg,,03792,0.38
crop_2678_f03793_c0.76_clip_20-23min.jpg,,03793,0.76
crop_2679_f03793_c0.57_clip_20-23min.jpg,,03793,0.57
crop_2680_f03794_c0.75_clip_20-23min.jpg,,03794,0.75
crop_2681_f03794_c0.50_clip_20-23min.jpg,,03794,0.50
crop_2682_f03795_c0.65_clip_20-23min.jpg,,03795,0.65
crop_2683_f03796_c0.48_clip_20-23min.jpg,,03796,0.48
crop_2684_f03797_c0.56_clip_20-23min.jpg,,03797,0.56
crop_2685_f03798_c0.70_clip_20-23min.jpg,,03798,0.70
crop_2686_f03799_c0.68_clip_20-23min.jpg,,03799,0.68
crop_2687_f03800_c0.48_clip_20-23min.jpg,,03800,0.48
crop_2688_f03800_c0.47_clip_20-23min.jpg,,03800,0.47
crop_2689_f03801_c0.54_clip_20-23min.jpg,,03801,0.54
crop_2690_f03802_c0.40_clip_20-23min.jpg,,03802,0.40
crop_2691_f03804_c0.36_clip_20-23min.jpg,,03804,0.36
crop_2692_f03808_c0.43_clip_20-23min.jpg,,03808,0.43
crop_2693_f03809_c0.44_clip_20-23min.jpg,,03809,0.44
crop_2694_f03811_c0.36_clip_20-23min.jpg,,03811,0.36
crop_2695_f03812_c0.38_clip_20-23min.jpg,,03812,0.38
crop_2696_f03818_c0.41_clip_20-23min.jpg,,03818,0.41
crop_2697_f03819_c0.50_clip_20-23min.jpg,,03819,0.50
crop_2698_f03821_c0.41_clip_20-23min.jpg,,03821,0.41
crop_2699_f03824_c0.48_clip_20-23min.jpg,,03824,0.48
crop_2700_f03825_c0.39_clip_20-23min.jpg,,03825,0.39
crop_2701_f03850_c0.44_clip_20-23min.jpg,,03850,0.44
crop_2702_f03863_c0.37_clip_20-23min.jpg,,03863,0.37
crop_2703_f03869_c0.58_clip_20-23min.jpg,,03869,0.58
crop_2704_f03873_c0.55_clip_20-23min.jpg,,03873,0.55
crop_2705_f03873_c0.44_clip_20-23min.jpg,,03873,0.44
crop_2706_f03874_c0.47_clip_20-23min.jpg,,03874,0.47
crop_2707_f03880_c0.50_clip_20-23min.jpg,,03880,0.50
crop_2708_f03881_c0.49_clip_20-23min.jpg,,03881,0.49
crop_2709_f03882_c0.51_clip_20-23min.jpg,,03882,0.51
crop_2710_f03883_c0.53_clip_20-23min.jpg,,03883,0.53
crop_2711_f03883_c0.35_clip_20-23min.jpg,,03883,0.35
crop_2712_f03885_c0.40_clip_20-23min.jpg,,03885,0.40
crop_2713_f03886_c0.44_clip_20-23min.jpg,,03886,0.44
crop_2714_f03887_c0.47_clip_20-23min.jpg,,03887,0.47
crop_2715_f03888_c0.56_clip_20-23min.jpg,,03888,0.56
crop_2716_f03889_c0.48_clip_20-23min.jpg,,03889,0.48
crop_2717_f03890_c0.56_clip_20-23min.jpg,,03890,0.56
crop_2718_f03891_c0.41_clip_20-23min.jpg,,03891,0.41
crop_2719_f03891_c0.36_clip_20-23min.jpg,,03891,0.36
crop_2720_f03892_c0.47_clip_20-23min.jpg,,03892,0.47
crop_2721_f03892_c0.43_clip_20-23min.jpg,,03892,0.43
crop_2722_f03893_c0.56_clip_20-23min.jpg,,03893,0.56
crop_2723_f03893_c0.50_clip_20-23min.jpg,,03893,0.50
crop_2724_f03894_c0.57_clip_20-23min.jpg,,03894,0.57
crop_2725_f03898_c0.49_clip_20-23min.jpg,,03898,0.49
crop_2726_f03899_c0.55_clip_20-23min.jpg,,03899,0.55
crop_2727_f03899_c0.53_clip_20-23min.jpg,,03899,0.53
crop_2728_f03899_c0.38_clip_20-23min.jpg,,03899,0.38
crop_2729_f03900_c0.67_clip_20-23min.jpg,,03900,0.67
crop_2730_f03901_c0.46_clip_20-23min.jpg,,03901,0.46
crop_2731_f03901_c0.43_clip_20-23min.jpg,,03901,0.43
crop_2732_f03902_c0.52_clip_20-23min.jpg,,03902,0.52
crop_2733_f03903_c0.63_clip_20-23min.jpg,,03903,0.63
crop_2734_f03903_c0.43_clip_20-23min.jpg,,03903,0.43
crop_2735_f03904_c0.47_clip_20-23min.jpg,,03904,0.47
crop_2736_f03904_c0.38_clip_20-23min.jpg,,03904,0.38
crop_2737_f03904_c0.37_clip_20-23min.jpg,,03904,0.37
crop_2738_f03905_c0.37_clip_20-23min.jpg,,03905,0.37
crop_2739_f03906_c0.51_clip_20-23min.jpg,,03906,0.51
crop_2740_f03907_c0.53_clip_20-23min.jpg,,03907,0.53
crop_2741_f03907_c0.36_clip_20-23min.jpg,,03907,0.36
crop_2742_f03908_c0.59_clip_20-23min.jpg,,03908,0.59
crop_2743_f03908_c0.55_clip_20-23min.jpg,,03908,0.55
crop_2744_f03909_c0.59_clip_20-23min.jpg,,03909,0.59
crop_2745_f03910_c0.57_clip_20-23min.jpg,,03910,0.57
crop_2746_f03910_c0.48_clip_20-23min.jpg,,03910,0.48
crop_2747_f03911_c0.54_clip_20-23min.jpg,,03911,0.54
crop_2748_f03913_c0.59_clip_20-23min.jpg,,03913,0.59
crop_2749_f03913_c0.49_clip_20-23min.jpg,,03913,0.49
crop_2750_f03914_c0.50_clip_20-23min.jpg,,03914,0.50
crop_2751_f03914_c0.44_clip_20-23min.jpg,,03914,0.44
crop_2752_f03915_c0.58_clip_20-23min.jpg,,03915,0.58
crop_2753_f03915_c0.48_clip_20-23min.jpg,,03915,0.48
crop_2754_f03915_c0.44_clip_20-23min.jpg,,03915,0.44
crop_2755_f03916_c0.47_clip_20-23min.jpg,,03916,0.47
crop_2756_f03917_c0.41_clip_20-23min.jpg,,03917,0.41
crop_2757_f03918_c0.42_clip_20-23min.jpg,,03918,0.42
crop_2758_f03920_c0.44_clip_20-23min.jpg,,03920,0.44
crop_2759_f03921_c0.59_clip_20-23min.jpg,,03921,0.59
crop_2760_f03921_c0.38_clip_20-23min.jpg,,03921,0.38
crop_2761_f03922_c0.56_clip_20-23min.jpg,,03922,0.56
crop_2762_f03922_c0.46_clip_20-23min.jpg,,03922,0.46
crop_2763_f03923_c0.50_clip_20-23min.jpg,,03923,0.50
crop_2764_f03923_c0.38_clip_20-23min.jpg,,03923,0.38
crop_2765_f03924_c0.42_clip_20-23min.jpg,,03924,0.42
crop_2766_f03925_c0.39_clip_20-23min.jpg,,03925,0.39
crop_2767_f03926_c0.51_clip_20-23min.jpg,,03926,0.51
crop_2768_f03927_c0.49_clip_20-23min.jpg,,03927,0.49
crop_2769_f03928_c0.40_clip_20-23min.jpg,,03928,0.40
crop_2770_f03929_c0.41_clip_20-23min.jpg,,03929,0.41
crop_2771_f03930_c0.42_clip_20-23min.jpg,,03930,0.42
crop_2772_f03931_c0.39_clip_20-23min.jpg,,03931,0.39
crop_2773_f03933_c0.42_clip_20-23min.jpg,,03933,0.42
crop_2774_f03933_c0.38_clip_20-23min.jpg,,03933,0.38
crop_2775_f03937_c0.42_clip_20-23min.jpg,,03937,0.42
crop_2776_f03937_c0.40_clip_20-23min.jpg,,03937,0.40
crop_2777_f03938_c0.50_clip_20-23min.jpg,,03938,0.50
crop_2778_f03938_c0.49_clip_20-23min.jpg,,03938,0.49
crop_2779_f03939_c0.62_clip_20-23min.jpg,,03939,0.62
crop_2780_f03940_c0.49_clip_20-23min.jpg,,03940,0.49
crop_2781_f03941_c0.62_clip_20-23min.jpg,,03941,0.62
crop_2782_f03941_c0.36_clip_20-23min.jpg,,03941,0.36
crop_2783_f03942_c0.47_clip_20-23min.jpg,,03942,0.47
crop_2784_f03942_c0.36_clip_20-23min.jpg,,03942,0.36
crop_2785_f03943_c0.63_clip_20-23min.jpg,,03943,0.63
crop_2786_f03944_c0.56_clip_20-23min.jpg,,03944,0.56
crop_2787_f03945_c0.59_clip_20-23min.jpg,,03945,0.59
crop_2788_f03946_c0.58_clip_20-23min.jpg,,03946,0.58
crop_2789_f03947_c0.63_clip_20-23min.jpg,,03947,0.63
crop_2790_f03948_c0.72_clip_20-23min.jpg,,03948,0.72
crop_2791_f03949_c0.59_clip_20-23min.jpg,,03949,0.59
crop_2792_f03949_c0.35_clip_20-23min.jpg,,03949,0.35
crop_2793_f03950_c0.63_clip_20-23min.jpg,,03950,0.63
crop_2794_f03951_c0.61_clip_20-23min.jpg,,03951,0.61
crop_2795_f03952_c0.74_clip_20-23min.jpg,,03952,0.74
crop_2796_f03953_c0.47_clip_20-23min.jpg,,03953,0.47
crop_2797_f03954_c0.54_clip_20-23min.jpg,,03954,0.54
crop_2798_f03955_c0.73_clip_20-23min.jpg,,03955,0.73
crop_2799_f03956_c0.62_clip_20-23min.jpg,,03956,0.62
crop_2800_f03956_c0.37_clip_20-23min.jpg,,03956,0.37
crop_2801_f03957_c0.59_clip_20-23min.jpg,,03957,0.59
crop_2802_f03957_c0.49_clip_20-23min.jpg,,03957,0.49
crop_2803_f03958_c0.78_clip_20-23min.jpg,,03958,0.78
crop_2804_f03958_c0.50_clip_20-23min.jpg,,03958,0.50
crop_2805_f03959_c0.72_clip_20-23min.jpg,,03959,0.72
crop_2806_f03959_c0.58_clip_20-23min.jpg,,03959,0.58
crop_2807_f03959_c0.44_clip_20-23min.jpg,,03959,0.44
crop_2808_f03960_c0.73_clip_20-23min.jpg,,03960,0.73
crop_2809_f03960_c0.48_clip_20-23min.jpg,,03960,0.48
crop_2810_f03961_c0.64_clip_20-23min.jpg,,03961,0.64
crop_2811_f03961_c0.58_clip_20-23min.jpg,,03961,0.58
crop_2812_f03961_c0.45_clip_20-23min.jpg,,03961,0.45
crop_2813_f03962_c0.65_clip_20-23min.jpg,,03962,0.65
crop_2814_f03962_c0.42_clip_20-23min.jpg,,03962,0.42
crop_2815_f03962_c0.41_clip_20-23min.jpg,,03962,0.41
crop_2816_f03963_c0.54_clip_20-23min.jpg,,03963,0.54
crop_2817_f03963_c0.53_clip_20-23min.jpg,,03963,0.53
crop_2818_f03963_c0.52_clip_20-23min.jpg,,03963,0.52
crop_2819_f03963_c0.38_clip_20-23min.jpg,,03963,0.38
crop_2820_f03964_c0.62_clip_20-23min.jpg,,03964,0.62
crop_2821_f03964_c0.49_clip_20-23min.jpg,,03964,0.49
crop_2822_f03964_c0.38_clip_20-23min.jpg,,03964,0.38
crop_2823_f03964_c0.37_clip_20-23min.jpg,,03964,0.37
crop_2824_f03965_c0.76_clip_20-23min.jpg,,03965,0.76
crop_2825_f03965_c0.39_clip_20-23min.jpg,,03965,0.39
crop_2826_f03965_c0.38_clip_20-23min.jpg,,03965,0.38
crop_2827_f03965_c0.36_clip_20-23min.jpg,,03965,0.36
crop_2828_f03966_c0.57_clip_20-23min.jpg,,03966,0.57
crop_2829_f03967_c0.59_clip_20-23min.jpg,,03967,0.59
crop_2830_f03967_c0.38_clip_20-23min.jpg,,03967,0.38
crop_2831_f03968_c0.52_clip_20-23min.jpg,,03968,0.52
crop_2832_f03968_c0.35_clip_20-23min.jpg,,03968,0.35
crop_2833_f03969_c0.62_clip_20-23min.jpg,,03969,0.62
crop_2834_f03969_c0.44_clip_20-23min.jpg,,03969,0.44
crop_2835_f03970_c0.50_clip_20-23min.jpg,,03970,0.50
crop_2836_f03970_c0.49_clip_20-23min.jpg,,03970,0.49
crop_2837_f03971_c0.70_clip_20-23min.jpg,,03971,0.70
crop_2838_f03971_c0.52_clip_20-23min.jpg,,03971,0.52
crop_2839_f03972_c0.56_clip_20-23min.jpg,,03972,0.56
crop_2840_f03973_c0.42_clip_20-23min.jpg,,03973,0.42
crop_2841_f03974_c0.55_clip_20-23min.jpg,,03974,0.55
crop_2842_f03974_c0.40_clip_20-23min.jpg,,03974,0.40
crop_2843_f03975_c0.52_clip_20-23min.jpg,,03975,0.52
crop_2844_f03975_c0.39_clip_20-23min.jpg,,03975,0.39
crop_2845_f03977_c0.38_clip_20-23min.jpg,,03977,0.38
crop_2846_f03977_c0.38_clip_20-23min.jpg,,03977,0.38
crop_2847_f03983_c0.42_clip_20-23min.jpg,,03983,0.42
crop_2848_f03985_c0.51_clip_20-23min.jpg,,03985,0.51
crop_2849_f03986_c0.52_clip_20-23min.jpg,,03986,0.52
crop_2850_f03986_c0.35_clip_20-23min.jpg,,03986,0.35
crop_2851_f03987_c0.49_clip_20-23min.jpg,,03987,0.49
crop_2852_f03987_c0.47_clip_20-23min.jpg,,03987,0.47
crop_2853_f03988_c0.35_clip_20-23min.jpg,,03988,0.35
crop_2854_f03990_c0.47_clip_20-23min.jpg,,03990,0.47
crop_2855_f03991_c0.38_clip_20-23min.jpg,,03991,0.38
crop_2856_f03992_c0.48_clip_20-23min.jpg,,03992,0.48
crop_2857_f03994_c0.36_clip_20-23min.jpg,,03994,0.36
crop_2858_f03997_c0.36_clip_20-23min.jpg,,03997,0.36
crop_2859_f03998_c0.39_clip_20-23min.jpg,,03998,0.39
crop_2860_f03998_c0.35_clip_20-23min.jpg,,03998,0.35
crop_2861_f03999_c0.41_clip_20-23min.jpg,,03999,0.41
crop_2862_f03999_c0.36_clip_20-23min.jpg,,03999,0.36
crop_2863_f04000_c0.42_clip_20-23min.jpg,,04000,0.42
crop_2864_f04001_c0.42_clip_20-23min.jpg,,04001,0.42
crop_2865_f04002_c0.40_clip_20-23min.jpg,,04002,0.40
crop_2866_f04003_c0.38_clip_20-23min.jpg,,04003,0.38
crop_2867_f04004_c0.38_clip_20-23min.jpg,,04004,0.38
crop_2868_f04005_c0.37_clip_20-23min.jpg,,04005,0.37
crop_2869_f04006_c0.39_clip_20-23min.jpg,,04006,0.39
crop_2870_f04007_c0.42_clip_20-23min.jpg,,04007,0.42
crop_2871_f04008_c0.39_clip_20-23min.jpg,,04008,0.39
crop_2872_f04012_c0.54_clip_20-23min.jpg,,04012,0.54
crop_2873_f04019_c0.42_clip_20-23min.jpg,,04019,0.42
crop_2874_f04019_c0.39_clip_20-23min.jpg,,04019,0.39
crop_2875_f04020_c0.45_clip_20-23min.jpg,,04020,0.45
crop_2876_f04021_c0.49_clip_20-23min.jpg,,04021,0.49
crop_2877_f04022_c0.41_clip_20-23min.jpg,,04022,0.41
crop_2878_f04023_c0.49_clip_20-23min.jpg,,04023,0.49
crop_2879_f04024_c0.48_clip_20-23min.jpg,,04024,0.48
crop_2880_f04025_c0.66_clip_20-23min.jpg,,04025,0.66
crop_2881_f04026_c0.64_clip_20-23min.jpg,,04026,0.64
crop_2882_f04028_c0.36_clip_20-23min.jpg,,04028,0.36
crop_2883_f04029_c0.38_clip_20-23min.jpg,,04029,0.38
crop_2884_f04030_c0.46_clip_20-23min.jpg,,04030,0.46
crop_2885_f04030_c0.36_clip_20-23min.jpg,,04030,0.36
crop_2886_f04069_c0.46_clip_20-23min.jpg,,04069,0.46
crop_2887_f04070_c0.63_clip_20-23min.jpg,,04070,0.63
crop_2888_f04071_c0.50_clip_20-23min.jpg,,04071,0.50
crop_2889_f04072_c0.59_clip_20-23min.jpg,,04072,0.59
crop_2890_f04073_c0.53_clip_20-23min.jpg,,04073,0.53
crop_2891_f04074_c0.52_clip_20-23min.jpg,,04074,0.52
crop_2892_f04075_c0.42_clip_20-23min.jpg,,04075,0.42
crop_2893_f04076_c0.60_clip_20-23min.jpg,,04076,0.60
crop_2894_f04076_c0.36_clip_20-23min.jpg,,04076,0.36
crop_2895_f04077_c0.48_clip_20-23min.jpg,,04077,0.48
crop_2896_f04078_c0.46_clip_20-23min.jpg,,04078,0.46
crop_2897_f04088_c0.36_clip_20-23min.jpg,,04088,0.36
crop_2898_f04092_c0.42_clip_20-23min.jpg,,04092,0.42
crop_2899_f04093_c0.46_clip_20-23min.jpg,,04093,0.46
crop_2900_f04094_c0.42_clip_20-23min.jpg,,04094,0.42
crop_2901_f04096_c0.62_clip_20-23min.jpg,,04096,0.62
crop_2902_f04097_c0.57_clip_20-23min.jpg,,04097,0.57
crop_2903_f04097_c0.37_clip_20-23min.jpg,,04097,0.37
crop_2904_f04098_c0.47_clip_20-23min.jpg,,04098,0.47
crop_2905_f04099_c0.36_clip_20-23min.jpg,,04099,0.36
crop_2906_f04102_c0.38_clip_20-23min.jpg,,04102,0.38
crop_2907_f04104_c0.36_clip_20-23min.jpg,,04104,0.36
crop_2908_f04115_c0.52_clip_20-23min.jpg,,04115,0.52
crop_2909_f04117_c0.40_clip_20-23min.jpg,,04117,0.40
crop_2910_f04129_c0.44_clip_20-23min.jpg,,04129,0.44
crop_2911_f04132_c0.55_clip_20-23min.jpg,,04132,0.55
crop_2912_f04136_c0.41_clip_20-23min.jpg,,04136,0.41
crop_2913_f04137_c0.52_clip_20-23min.jpg,,04137,0.52
crop_2914_f04139_c0.37_clip_20-23min.jpg,,04139,0.37
crop_2915_f04140_c0.45_clip_20-23min.jpg,,04140,0.45
crop_2916_f04141_c0.36_clip_20-23min.jpg,,04141,0.36
crop_2917_f04144_c0.42_clip_20-23min.jpg,,04144,0.42
crop_2918_f04144_c0.41_clip_20-23min.jpg,,04144,0.41
crop_2919_f04149_c0.49_clip_20-23min.jpg,,04149,0.49
crop_2920_f04159_c0.43_clip_20-23min.jpg,,04159,0.43
crop_2921_f04182_c0.55_clip_20-23min.jpg,,04182,0.55
crop_2922_f04183_c0.56_clip_20-23min.jpg,,04183,0.56
crop_2923_f04184_c0.42_clip_20-23min.jpg,,04184,0.42
crop_2924_f04186_c0.46_clip_20-23min.jpg,,04186,0.46
crop_2925_f04187_c0.38_clip_20-23min.jpg,,04187,0.38
crop_2926_f04190_c0.43_clip_20-23min.jpg,,04190,0.43
crop_2927_f04191_c0.59_clip_20-23min.jpg,,04191,0.59
crop_2928_f04193_c0.54_clip_20-23min.jpg,,04193,0.54
crop_2929_f04194_c0.54_clip_20-23min.jpg,,04194,0.54
crop_2930_f04206_c0.47_clip_20-23min.jpg,,04206,0.47
crop_2931_f04235_c0.44_clip_20-23min.jpg,,04235,0.44
crop_2932_f04253_c0.38_clip_20-23min.jpg,,04253,0.38
crop_2933_f04340_c0.41_clip_20-23min.jpg,,04340,0.41
crop_2934_f04342_c0.54_clip_20-23min.jpg,,04342,0.54
crop_2935_f04375_c0.37_clip_20-23min.jpg,,04375,0.37
crop_2936_f04378_c0.55_clip_20-23min.jpg,,04378,0.55
